id,shelterRegisterData,pet_age,pet_gender,pet_name,pet_breed,pet_color,pet_image_url,pet_profile_image1,pet_profile_image2,pet_profile_image3,,Shelter Data Profile,,
,6,Adult,Male,Timbre,Black Labrador Retriever,Black,https://dl5zpyw5k3jeb.cloudfront.net/photos/pets/48690833/1/?bust=1596631452&width=450,,,,,gackedfluttering Shelter Profile,,
,6,Adult,Male,Joey,Hound,Bicolor,https://dl5zpyw5k3jeb.cloudfront.net/photos/pets/48212723/1/?bust=1592050579&width=450,,,,,gackedfluttering Shelter Profile,,
,6,Adult,Female,Lil' Lucy *URGT* NEEDS IMMED FOSTER HOME,Pit Bull Terrier,White,https://dl5zpyw5k3jeb.cloudfront.net/photos/pets/48203771/3/?bust=1591963398&width=450,,,,,gackedfluttering Shelter Profile,,
,6,Young,Female,Sasha,Labrador Retriever,Black,https://dl5zpyw5k3jeb.cloudfront.net/photos/pets/48542956/2/?bust=1595265574&width=450,,,,,gackedfluttering Shelter Profile,,
,6,Adult,Female,Athena,Shepherd,Brown,https://dl5zpyw5k3jeb.cloudfront.net/photos/pets/49556156/1/?bust=1603548333&width=450,,,,,gackedfluttering Shelter Profile,,
,6,Young,Female,Sally,Coonhound,Brown / Chocolate,https://dl5zpyw5k3jeb.cloudfront.net/photos/pets/48646358/3/crop/?bust=1596168959&width=450,,,,,gackedfluttering Shelter Profile,,
,6,Adult,Female,Charlotte,Pit Bull Terrier,Apricot / Beige,https://dl5zpyw5k3jeb.cloudfront.net/photos/pets/48646348/1/?bust=1596168684&width=450,,,,,gackedfluttering Shelter Profile,,
,6,Young,Male,Pinta,Chihuahua,Black,https://dl5zpyw5k3jeb.cloudfront.net/photos/pets/49623493/1/?bust=1603892052&width=450,,,,,gackedfluttering Shelter Profile,,
,6,Young,Female,Rowan,Catahoula Leopard Dog,,https://dl5zpyw5k3jeb.cloudfront.net/photos/pets/49265254/1/?bust=1603829836&width=450,,,,,gackedfluttering Shelter Profile,,
,6,Adult,Female,Abby and Sasha,Shih Tzu,White/Brown,https://dl5zpyw5k3jeb.cloudfront.net/photos/pets/48569828/1/?bust=1603829892&width=450,,,,,gackedfluttering Shelter Profile,,
,6,Adult,Female,Sasha and Abby,Shih Tzu,Beige,https://dl5zpyw5k3jeb.cloudfront.net/photos/pets/48569746/1/?bust=1603829900&width=450,,,,,gackedfluttering Shelter Profile,,
,6,Young,Male,Lucy,Flat-Coated Retriever,Black,https://dl5zpyw5k3jeb.cloudfront.net/photos/pets/49624648/2/?bust=1603899701&width=450,,,,,gackedfluttering Shelter Profile,,
,7,Baby,Male,Pinto,Hound,Black,https://dl5zpyw5k3jeb.cloudfront.net/photos/pets/49624420/1/crop/?bust=1603898356&width=450,,,,,tootsarticulate Shelter Profile,,
,7,Baby,Female,Pippa,Hound,Black,https://dl5zpyw5k3jeb.cloudfront.net/photos/pets/49624247/3/?bust=1603897712&width=450,,,,,tootsarticulate Shelter Profile,,
,7,Baby,Female,Kratos,Hound,Black,https://dl5zpyw5k3jeb.cloudfront.net/photos/pets/49623867/2/crop/?bust=1603896099&width=450,,,,,tootsarticulate Shelter Profile,,
,7,Young,Female,Angela,Pit Bull Terrier,,https://dl5zpyw5k3jeb.cloudfront.net/photos/pets/49613067/3/?bust=1603811069&width=450,,,,,tootsarticulate Shelter Profile,,
,7,Young,Female,Mila Kunis,Shepherd,,https://dl5zpyw5k3jeb.cloudfront.net/photos/pets/49610865/3/?bust=1603778417&width=450,,,,,tootsarticulate Shelter Profile,,
,7,Baby,Male,Pablo,Beagle,,https://dl5zpyw5k3jeb.cloudfront.net/photos/pets/49608279/1/?bust=1603750898&width=450,,,,,tootsarticulate Shelter Profile,,
,16,Baby,Male,Pongo,Hound,Black,https://dl5zpyw5k3jeb.cloudfront.net/photos/pets/49624136/1/crop/?bust=1603896905&width=450,,,,,liberianzoilist Shelter Profile,,
,16,Young,Male,Bubba,Chihuahua,,https://dl5zpyw5k3jeb.cloudfront.net/photos/pets/49438146/2/?bust=1602553251&width=450,,,,,attachedfollow Shelter Profile,,
,16,Young,Female,Mercedes,Dutch Shepherd,,https://dl5zpyw5k3jeb.cloudfront.net/photos/pets/49528493/1/?bust=1603198591&width=450,,,,,quibbleclean Shelter Profile,,
,16,Young,Female,Jessa,Pit Bull Terrier,,https://dl5zpyw5k3jeb.cloudfront.net/photos/pets/49551040/2/?bust=1603322046&width=450,,,,,hushroomvery Shelter Profile,,
,16,Young,Female,Maddie,Terrier,,https://dl5zpyw5k3jeb.cloudfront.net/photos/pets/49525294/6/?bust=1603162378&width=450,,,,,memorablenation Shelter Profile,,
,16,Young,Female,Dot,Pit Bull Terrier,,https://dl5zpyw5k3jeb.cloudfront.net/photos/pets/49438979/5/?bust=1602561460&width=450,,,,,philipstactless Shelter Profile,,
,16,Young,Male,Brady,Pit Bull Terrier,,https://dl5zpyw5k3jeb.cloudfront.net/photos/pets/49369555/3/?bust=1602080098&width=450,,,,,imminentcheasles Shelter Profile,,
,16,Adult,Female,Gazelle,German Shepherd Dog,Bicolor,https://dl5zpyw5k3jeb.cloudfront.net/photos/pets/49438146/2/?bust=1602553251&width=450,,,,,borrowmelody Shelter Profile,,
,16,Senior,Male,Aiden,Chihuahua,Bicolor,https://dl5zpyw5k3jeb.cloudfront.net/photos/pets/49528493/1/?bust=1603198591&width=450,,,,,splashcroaf Shelter Profile,,
,16,Senior,Male,ANTONIO,Terrier,Golden,https://dl5zpyw5k3jeb.cloudfront.net/photos/pets/49447853/3/?bust=1602634210&width=450,,,,,splashcroaf Shelter Profile,,
,16,Adult,Male,CANOLO,Terrier,Yellow / Tan / Blond / Fawn,https://dl5zpyw5k3jeb.cloudfront.net/photos/pets/49447841/1/?bust=1602634153&width=450,,,,,splashcroaf Shelter Profile,,
,16,Adult,Female,Precious,Hound,Bicolor,https://dl5zpyw5k3jeb.cloudfront.net/photos/pets/49438121/3/?bust=1602553071&width=450,,,,,splashcroaf Shelter Profile,,
,16,Young,Male,Hop,Cattle Dog,Bicolor,https://dl5zpyw5k3jeb.cloudfront.net/photos/pets/49437996/2/?bust=1602551894&width=450,,,,,splashcroaf Shelter Profile,,
,16,Young,Female,Minny,German Shepherd Dog,Brindle,https://dl5zpyw5k3jeb.cloudfront.net/photos/pets/49378381/1/?bust=1602118544&width=450,,,,,splashcroaf Shelter Profile,,
,16,Young,Female,Kobe,Husky,Black,https://dl5zpyw5k3jeb.cloudfront.net/photos/pets/49378344/1/?bust=1602118107&width=450,,,,,splashcroaf Shelter Profile,,
,26,Senior,Female,NADINE,German Shorthaired Pointer,"Tricolor (Brown, Black, & White)",https://dl5zpyw5k3jeb.cloudfront.net/photos/pets/49158222/2/?bust=1600610554&width=450,,,,,butterburglag Shelter Profile,,
,26,Senior,Male,SAMUEL,Chihuahua,Gray / Blue / Silver,https://dl5zpyw5k3jeb.cloudfront.net/photos/pets/49149865/1/?bust=1600536047&width=450,,,,,yeertire Shelter Profile,,
,26,Adult,Female,Hennessey,Staffordshire Bull Terrier,Brindle,https://dl5zpyw5k3jeb.cloudfront.net/photos/pets/49133689/2/?bust=1600397262&width=450,,,,,angryiphone Shelter Profile,,
,26,Young,Female,Maddy,Pit Bull Terrier,Bicolor,https://dl5zpyw5k3jeb.cloudfront.net/photos/pets/48926302/1/?bust=1598835679&width=450,,,,,portersabnormal Shelter Profile,,
,26,Adult,Female,Kiera,German Shepherd Dog,Bicolor,https://dl5zpyw5k3jeb.cloudfront.net/photos/pets/48026702/2/?bust=1589995140&width=450,,,,,pincenusters Shelter Profile,,
,26,Adult,Male,Max,Mixed Breed,Apricot / Beige,https://dl5zpyw5k3jeb.cloudfront.net/photos/pets/49566864/1/?bust=1603417846&width=450,,,,,stylishexcite Shelter Profile,,
,26,Adult,Male,Peggy,Hound,Black,https://dl5zpyw5k3jeb.cloudfront.net/photos/pets/49623964/1/crop/?bust=1603896786&width=450,,,,,loosenscore Shelter Profile,,
,26,Baby,Female,Blossom,Rottweiler,Brindle,https://dl5zpyw5k3jeb.cloudfront.net/photos/pets/49385686/4/crop/?bust=1603737524&width=450,,,,,lapwingstamp Shelter Profile,,
,26,Adult,Male,Kermit,Chihuahua,Red / Chestnut / Orange,https://dl5zpyw5k3jeb.cloudfront.net/photos/pets/48131240/1/?bust=1591268027&width=450,,,,,ankledubbish Shelter Profile,,
,26,Adult,Female,Snow,American Staffordshire Terrier,White / Cream,https://dl5zpyw5k3jeb.cloudfront.net/photos/pets/47898894/1/?bust=1588203366&width=450,,,,,hourporsche Shelter Profile,,
,26,Young,Male,Cosmo Brown,Chihuahua,Brown / Chocolate,https://dl5zpyw5k3jeb.cloudfront.net/photos/pets/49497899/1/?bust=1602955425&width=450,,,,,chellsenvious Shelter Profile,,
,26,Senior,Female,Nathan's Famous,Dachshund,Black,https://dl5zpyw5k3jeb.cloudfront.net/photos/pets/49497885/1/?bust=1602955312&width=450,,,,,honeythunderocea Shelter Profilen,,
,26,Senior,Female,Leyenda,German Shepherd Dog,"Tricolor (Brown, Black, & White)",https://dl5zpyw5k3jeb.cloudfront.net/photos/pets/49497747/1/?bust=1602955178&width=450,,,,,sternwaystand Shelter Profile,,
,26,Young,Male,Junior,Rottweiler,Black,https://dl5zpyw5k3jeb.cloudfront.net/photos/pets/49497676/1/?bust=1602955012&width=450,,,,,guillemotcrutter Shelter Profiley,,
,26,Young,Female,Barbra Streisand,Pit Bull Terrier,Black,https://dl5zpyw5k3jeb.cloudfront.net/photos/pets/49497636/1/crop/?bust=1602957353&width=450,,,,,remarkablepigfac Shelter Profilee,,
,26,Young,Male,Spumoni Gardens,Pit Bull Terrier,Black,https://dl5zpyw5k3jeb.cloudfront.net/photos/pets/49497629/1/?bust=1602954762&width=450,,,,,contactfrancing Shelter Profile,,
,26,Young,Female,Dodger,Pointer,Black,https://dl5zpyw5k3jeb.cloudfront.net/photos/pets/49497614/1/?bust=1602954463&width=450,,,,,turdiformwrote Shelter Profile,,
,26,Senior,Male,Coney Island,Labrador Retriever,Brown / Chocolate,https://dl5zpyw5k3jeb.cloudfront.net/photos/pets/49497570/1/?bust=1602954295&width=450,,,,,regardlessintest Shelter Profileine,,
,22,Young,Male,Biggie Smalls,Pit Bull Terrier,Brindle,https://dl5zpyw5k3jeb.cloudfront.net/photos/pets/49497541/1/?bust=1602954153&width=450,,,,,annoyancegogs Shelter Profile,,
,39,Young,Male,BAM,Pit Bull Terrier,Black,https://dl5zpyw5k3jeb.cloudfront.net/photos/pets/49497447/1/?bust=1602954018&width=450,,,,,raftjust Shelter Profile,,
,39,Adult,Female,Wonder Wheel,Terrier,"Tricolor (Brown, Black, & White)",https://dl5zpyw5k3jeb.cloudfront.net/photos/pets/49497436/1/?bust=1602953876&width=450,,,,,raftjust Shelter Profile,,
,39,Adult,Female,Someday,Pit Bull Terrier,Brown / Chocolate,https://dl5zpyw5k3jeb.cloudfront.net/photos/pets/49497415/1/?bust=1602953723&width=450,,,,,raftjust Shelter Profile,,
,39,Young,Male,Lobster Pound,Pit Bull Terrier,Brown / Chocolate,https://dl5zpyw5k3jeb.cloudfront.net/photos/pets/49497400/1/?bust=1602953424&width=450,,,,,raftjust Shelter Profile,,
,39,Young,Female,Di Fara,German Shepherd Dog,"Tricolor (Brown, Black, & White)",https://dl5zpyw5k3jeb.cloudfront.net/photos/pets/49497386/1/?bust=1602953268&width=450,,,,,raftjust Shelter Profile,,
,39,Young,Female,Bushwick,Hound,"Tricolor (Brown, Black, & White)",https://dl5zpyw5k3jeb.cloudfront.net/photos/pets/49497289/1/?bust=1602953133&width=450,,,,,raftjust Shelter Profile,,
,39,Young,Female,Park Slope,Hound,Black,https://dl5zpyw5k3jeb.cloudfront.net/photos/pets/49497275/1/?bust=1602952943&width=450,,,,,raftjust Shelter Profile,,
,39,Young,Female,Williamsburg,Hound,"Tricolor (Brown, Black, & White)",https://dl5zpyw5k3jeb.cloudfront.net/photos/pets/49497101/1/?bust=1602952055&width=450,,,,,raftjust Shelter Profile,,
,39,Baby,Female,Lil' Kim,Pit Bull Terrier,Black,https://dl5zpyw5k3jeb.cloudfront.net/photos/pets/49497087/1/?bust=1602951770&width=450,,,,,babyishbolg Shelter Profile,,
,39,Young,Female,Canal Bar,Hound,"Tricolor (Brown, Black, & White)",https://dl5zpyw5k3jeb.cloudfront.net/photos/pets/49496934/1/?bust=1602951579&width=450,,,,,doesgrindylow Shelter Profile,,
,39,Young,Female,Rockaway,Labrador Retriever,Yellow / Tan / Blond / Fawn,https://dl5zpyw5k3jeb.cloudfront.net/photos/pets/49496906/1/?bust=1602951390&width=450,,,,,lugpoultry Shelter Profile,,
,39,Young,Male,Talib Kweli,Shepherd,Brown / Chocolate,https://dl5zpyw5k3jeb.cloudfront.net/photos/pets/49496820/1/?bust=1602951261&width=450,,,,,malkintherefore Shelter Profile,,
,39,Young,Male,King's County,Labrador Retriever,Brown / Chocolate,https://dl5zpyw5k3jeb.cloudfront.net/photos/pets/49496817/1/?bust=1602951107&width=450,,,,,possessionbizarr Shelter Profilee,,
,39,Young,Male,Randazzo's Clam Bar,German Shepherd Dog,Bicolor,https://dl5zpyw5k3jeb.cloudfront.net/photos/pets/49496807/1/?bust=1602950933&width=450,,,,,narrowscaly Shelter Profile,,
,39,Young,Male,Grimaldi,German Shorthaired Pointer,Brown / Chocolate,https://dl5zpyw5k3jeb.cloudfront.net/photos/pets/49496735/1/?bust=1602950733&width=450,,,,,bansheeunstable Shelter Profile,,
,39,Young,Female,Hunky Dory,Pit Bull Terrier,Brown / Chocolate,https://dl5zpyw5k3jeb.cloudfront.net/photos/pets/49496725/1/?bust=1602950607&width=450,,,,,shirespread Shelter Profile,,
,29,Young,Female,Stoop Dogg,Chihuahua,Brown / Chocolate,https://dl5zpyw5k3jeb.cloudfront.net/photos/pets/49496690/1/?bust=1602950468&width=450,,,,,filepunch Shelter Profile,,
,29,Young,Female,Verrazano Bridge,Pit Bull Terrier,Black,https://dl5zpyw5k3jeb.cloudfront.net/photos/pets/49496625/1/?bust=1602950071&width=450,,,,,blagoonend Shelter Profile,,
,44,Young,Female,Ruth Bader Ginsburg,Pit Bull Terrier,Brown / Chocolate,https://dl5zpyw5k3jeb.cloudfront.net/photos/pets/49496621/1/?bust=1602949923&width=450,,,,,spitefullikable Shelter Profile,,
,53,Young,Male,Peter Luger,Pit Bull Terrier,Black,https://dl5zpyw5k3jeb.cloudfront.net/photos/pets/49496615/1/?bust=1602949790&width=450,,,,,reservebehind Shelter Profile,,
,53,Young,Male,Do or Dive,Pit Bull Terrier,Brindle,https://dl5zpyw5k3jeb.cloudfront.net/photos/pets/49496418/1/?bust=1602948731&width=450,,,,,reservebehind Shelter Profile,,
,53,Young,Female,Dirty Precious,Pit Bull Terrier,Black,https://dl5zpyw5k3jeb.cloudfront.net/photos/pets/49496356/1/?bust=1602948221&width=450,,,,,reservebehind Shelter Profile,,
,53,Young,Male,Tom's Diner,Pit Bull Terrier,White / Cream,https://dl5zpyw5k3jeb.cloudfront.net/photos/pets/49496321/1/?bust=1602948024&width=450,,,,,reservebehind Shelter Profile,,
,53,Young,Female,Brennan,Hound,Brown / Chocolate,https://dl5zpyw5k3jeb.cloudfront.net/photos/pets/49496254/1/?bust=1602947879&width=450,,,,,reservebehind Shelter Profile,,
,53,Young,Female,Carr,Hound,Brown / Chocolate,https://dl5zpyw5k3jeb.cloudfront.net/photos/pets/49496210/1/?bust=1602947663&width=450,,,,,reservebehind Shelter Profile,,
,53,Young,Female,Sunny's Bar,Chihuahua,White / Cream,https://dl5zpyw5k3jeb.cloudfront.net/photos/pets/49496189/1/?bust=1602947369&width=450,,,,,reservebehind Shelter Profile,,
,53,Young,Male,Seven-One-Eight,Golden Retriever,Black,https://dl5zpyw5k3jeb.cloudfront.net/photos/pets/49496178/1/?bust=1602947225&width=450,,,,,reservebehind Shelter Profile,,
,53,Young,Male,Burly Coffee,Shepherd,Black,https://dl5zpyw5k3jeb.cloudfront.net/photos/pets/49496097/1/?bust=1602947086&width=450,,,,,reservebehind Shelter Profile,,
,53,Young,Male,Adam Cook,Hound,Brown / Chocolate,https://dl5zpyw5k3jeb.cloudfront.net/photos/pets/49442688/1/?bust=1602604704&width=450,,,,,reservebehind Shelter Profile,,
,53,Young,Male,Jerry Mulligan,Shepherd,Brown / Chocolate,https://dl5zpyw5k3jeb.cloudfront.net/photos/pets/49442665/1/?bust=1602604522&width=450,,,,,reservebehind Shelter Profile,,
,53,Young,Female,Karen Brewer,Labrador Retriever,Black,https://dl5zpyw5k3jeb.cloudfront.net/photos/pets/49372105/2/?bust=1602881589&width=450,,,,,reservebehind Shelter Profile,,
,53,Senior,Male,"Sir Francis ""Piggy"" Beekman",Chihuahua,Brown / Chocolate,https://dl5zpyw5k3jeb.cloudfront.net/photos/pets/49138535/1/?bust=1600447627&width=450,,,,,reservebehind Shelter Profile,,
,53,Senior,Female,Lady Beekman,Pekingese,Brown / Chocolate,https://dl5zpyw5k3jeb.cloudfront.net/photos/pets/49138459/1/?bust=1600447371&width=450,,,,,reservebehind Shelter Profile,,
,53,Young,Female,"Anastasia ""Stacey"" McGill",Doberman Pinscher,Black,https://dl5zpyw5k3jeb.cloudfront.net/photos/pets/49138446/4/?bust=1603377953&width=450,,,,,reservebehind Shelter Profile,,
,53,Young,Male,"Gus Esmond, Jr.",Hound,Black,https://dl5zpyw5k3jeb.cloudfront.net/photos/pets/49138436/1/?bust=1600447133&width=450,,,,,reservebehind Shelter Profile,,
,53,Young,Female,Mary Anne Spier,Pit Bull Terrier,Brown / Chocolate,https://dl5zpyw5k3jeb.cloudfront.net/photos/pets/49138434/2/crop/?bust=1600731136&width=450,,,,,reservebehind Shelter Profile,,
,53,Young,Male,Logan Bruno,Pit Bull Terrier,Brown / Chocolate,https://dl5zpyw5k3jeb.cloudfront.net/photos/pets/49138399/1/?bust=1600446920&width=450,,,,,reservebehind Shelter Profile,,
,53,Adult,Female,Dorothy Shaw,Terrier,Black,https://dl5zpyw5k3jeb.cloudfront.net/photos/pets/49138381/2/?bust=1600731498&width=450,,,,,reservebehind Shelter Profile,,
,53,Senior,Female,Lorelei Lee,Pit Bull Terrier,Brown / Chocolate,https://dl5zpyw5k3jeb.cloudfront.net/photos/pets/49138305/2/crop/?bust=1600731630&width=450,,,,,reservebehind Shelter Profile,,
,53,Senior,Male,Jelly Roll Morton,Hound,Brown / Chocolate,https://dl5zpyw5k3jeb.cloudfront.net/photos/pets/48992541/1/?bust=1599331997&width=450,,,,,reservebehind Shelter Profile,,
,53,Adult,Male,Fats Domino,Pit Bull Terrier,Black,https://dl5zpyw5k3jeb.cloudfront.net/photos/pets/48992512/1/?bust=1599331834&width=450,,,,,jogmimsy Shelter Profile,,
,53,Senior,Female,Kelli Prenney,Basset Hound,"Tricolor (Brown, Black, & White)",https://dl5zpyw5k3jeb.cloudfront.net/photos/pets/48973984/5/?bust=1602433785&width=450,,,,,oatmealchish Shelter Profile,,
,53,Young,Female,Molly Carter,Pit Bull Terrier,Brown / Chocolate,https://dl5zpyw5k3jeb.cloudfront.net/photos/pets/48728810/1/?bust=1596976299&width=450,,,,,oatmealchish Shelter Profile,,
,53,Senior,Female,Miss Betsey Trotwood,Pit Bull Terrier,Black,https://dl5zpyw5k3jeb.cloudfront.net/photos/pets/48600021/6/?bust=1601989657&width=450,,,,,oatmealchish Shelter Profile,,
,53,Young,Male,Brian Johnson,Pit Bull Terrier,Gray / Blue / Silver,https://dl5zpyw5k3jeb.cloudfront.net/photos/pets/48502162/3/?bust=1603304471&width=450,,,,,oatmealchish Shelter Profile,,
,53,Young,Female,Jane Gloriana Villanueva,Australian Cattle Dog / Blue Heeler,Apricot / Beige,https://dl5zpyw5k3jeb.cloudfront.net/photos/pets/48502018/1/?bust=1594852540&width=450,,,,,oatmealchish Shelter Profile,,
,53,Adult,Female,Petra Solano,Labrador Retriever,Yellow / Tan / Blond / Fawn,https://dl5zpyw5k3jeb.cloudfront.net/photos/pets/48502006/2/?bust=1602433357&width=450,,,,,oatmealchish Shelter Profile,,
,53,Young,Female,"Xiomara ""Xo"" Villanueva",Hound,Black,https://dl5zpyw5k3jeb.cloudfront.net/photos/pets/48501984/1/?bust=1601513139&width=450,,,,,oatmealchish Shelter Profile,,
,53,Young,Male,Rusty Griswold,Hound,Black,https://dl5zpyw5k3jeb.cloudfront.net/photos/pets/48340271/4/?bust=1597849501&width=450,,,,,oatmealchish Shelter Profile,,
,53,Senior,Male,Seneca,Boxer,Black,https://dl5zpyw5k3jeb.cloudfront.net/photos/pets/49620734/1/?bust=1603847705&width=450,,,,,oatmealchish Shelter Profile,,
,53,Adult,Female,"NEW YORK, BROOKLYN; ""XENA""",Anatolian Shepherd,,https://dl5zpyw5k3jeb.cloudfront.net/photos/pets/49572854/2/crop/?bust=1603469606&width=450,,,,,oatmealchish Shelter Profile,,
,53,Baby,Male,King,Mixed Breed,,https://dl5zpyw5k3jeb.cloudfront.net/photos/pets/49566751/2/?bust=1603416299&width=450,,,,,oatmealchish Shelter Profile,,
,53,Baby,Female,Queen,Mixed Breed,,https://dl5zpyw5k3jeb.cloudfront.net/photos/pets/49566738/2/?bust=1603416179&width=450,,,,,oatmealchish Shelter Profile,,
,53,Baby,Male,Honey,Mixed Breed,,https://dl5zpyw5k3jeb.cloudfront.net/photos/pets/49477728/3/?bust=1602813357&width=450,,,,,oatmealchish Shelter Profile,,
,53,Senior,Male,RG Guzman. NEEDS HOME NOW Please!,Shar-Pei,Brindle,https://dl5zpyw5k3jeb.cloudfront.net/photos/pets/47892630/1/?bust=1588119256&width=450,,,,,loneflench Shelter Profile,,
,53,Adult,Female,Rosie,Jack Russell Terrier,Black,https://dl5zpyw5k3jeb.cloudfront.net/photos/pets/49592378/2/?bust=1603593397&width=450,,,,,outriggerobey Shelter Profile,,
,53,Adult,Male,Drew,Jindo,Black,https://dl5zpyw5k3jeb.cloudfront.net/photos/pets/49592342/2/?bust=1603593122&width=450,,,,,pogsafter Shelter Profile,,
,53,Baby,Male,Minam,Jindo,Apricot / Beige,https://dl5zpyw5k3jeb.cloudfront.net/photos/pets/49592319/3/?bust=1603592846&width=450,,,,,koalarespawn Shelter Profile,,
,53,Baby,Female,Soju,Jindo,White / Cream,https://dl5zpyw5k3jeb.cloudfront.net/photos/pets/49592313/2/?bust=1603592622&width=450,,,,,koalarespawn Shelter Profile,,
,53,Baby,Male,Cheolsu,Jindo,Brown / Chocolate,https://dl5zpyw5k3jeb.cloudfront.net/photos/pets/49592288/2/?bust=1603592367&width=450,,,,,koalarespawn Shelter Profile,,
,53,Adult,Female,Grace,Spaniel,Brown / Chocolate,https://dl5zpyw5k3jeb.cloudfront.net/photos/pets/49592249/2/?bust=1603592113&width=450,,,,,koalarespawn Shelter Profile,,
,53,Adult,Female,Pori,Spitz,Black,https://dl5zpyw5k3jeb.cloudfront.net/photos/pets/49592224/5/?bust=1603591893&width=450,,,,,koalarespawn Shelter Profile,,
,53,Adult,Male,Jack,Jindo,Brown / Chocolate,https://dl5zpyw5k3jeb.cloudfront.net/photos/pets/49592211/2/?bust=1603591600&width=450,,,,,koalarespawn Shelter Profile,,
,53,Baby,Male,Siru,Terrier,Golden,https://dl5zpyw5k3jeb.cloudfront.net/photos/pets/49499507/1/?bust=1602962509&width=450,,,,,koalarespawn Shelter Profile,,
,53,Baby,Female,Becca,Jindo,White / Cream,https://dl5zpyw5k3jeb.cloudfront.net/photos/pets/49496821/1/?bust=1602951252&width=450,,,,,koalarespawn Shelter Profile,,
,53,Adult,Female,Lace,Border Collie,Black,https://dl5zpyw5k3jeb.cloudfront.net/photos/pets/49316925/4/?bust=1601685560&width=450,,,,,koalarespawn Shelter Profile,,
,53,Baby,Female,Aria,Jindo,Black,https://dl5zpyw5k3jeb.cloudfront.net/photos/pets/48791443/1/?bust=1601685038&width=450,,,,,koalarespawn Shelter Profile,,
,53,Adult,Male,Mango,Jindo,Brown / Chocolate,https://dl5zpyw5k3jeb.cloudfront.net/photos/pets/48331076/4/?bust=1593200954&width=450,,,,,koalarespawn Shelter Profile,,
,53,Adult,Female,Rose,Pit Bull Terrier,Red / Chestnut / Orange,https://dl5zpyw5k3jeb.cloudfront.net/photos/pets/49556406/1/?bust=1603744036&width=450,,,,,beaverchirm Shelter Profile,,
,53,Young,Female,Laurel,Labrador Retriever,Brown / Chocolate,https://dl5zpyw5k3jeb.cloudfront.net/photos/pets/49461203/1/?bust=1603743917&width=450,,,,,organhorace Shelter Profile,,
,53,Adult,Female,Daffodil,Golden Retriever,Red / Chestnut / Orange,https://dl5zpyw5k3jeb.cloudfront.net/photos/pets/49287457/1/?bust=1603725989&width=450,,,,,birdstrumpet Shelter Profile,,
,53,Adult,Female,Tiny Madison,Pit Bull Terrier,Brindle,https://dl5zpyw5k3jeb.cloudfront.net/photos/pets/48137315/3/?bust=1591312823&width=450,,,,,birdstrumpet Shelter Profile,,
,53,Senior,Male,Riggs NY,Boxer,Brindle,https://dl5zpyw5k3jeb.cloudfront.net/photos/pets/48185896/1/?bust=1598038333&width=450,,,,,birdstrumpet Shelter Profile,,
,53,Adult,Male,"Casio: the man, the myth, the legend!",Mixed Breed,Black,https://dl5zpyw5k3jeb.cloudfront.net/photos/pets/49612024/5/?bust=1603804651&width=450,,,,,birdstrumpet Shelter Profile,,
,53,Young,Female,"Marsha, Marsha, MARSHA!",Mixed Breed,Brindle,https://dl5zpyw5k3jeb.cloudfront.net/photos/pets/49611893/1/?bust=1603802975&width=450,,,,,birdstrumpet Shelter Profile,,
,53,Senior,Female,Suzie,Chihuahua,Black,https://dl5zpyw5k3jeb.cloudfront.net/photos/pets/49608814/6/?bust=1603755395&width=450,,,,,birdstrumpet Shelter Profile,,
,53,Adult,Female,Heidi,Labrador Retriever,Yellow / Tan / Blond / Fawn,https://dl5zpyw5k3jeb.cloudfront.net/photos/pets/49604322/4/?bust=1603732377&width=450,,,,,birdstrumpet Shelter Profile,,
,53,Senior,Female,Kanny,Labrador Retriever,Brown / Chocolate,https://dl5zpyw5k3jeb.cloudfront.net/photos/pets/49604129/3/?bust=1603731476&width=450,,,,,birdstrumpet Shelter Profile,,
,53,Young,Female,Susu,Labrador Retriever,Yellow / Tan / Blond / Fawn,https://dl5zpyw5k3jeb.cloudfront.net/photos/pets/49602864/1/?bust=1603723225&width=450,,,,,birdstrumpet Shelter Profile,,
,53,Young,Female,Canela,Labrador Retriever,Brown / Chocolate,https://dl5zpyw5k3jeb.cloudfront.net/photos/pets/49602694/4/?bust=1603721652&width=450,,,,,birdstrumpet Shelter Profile,,
,53,Adult,Female,Milady,Belgian Shepherd / Malinois,Brindle,https://dl5zpyw5k3jeb.cloudfront.net/photos/pets/49448568/5/?bust=1603228000&width=450,,,,,birdstrumpet Shelter Profile,,
,53,Adult,Female,Sunny,Labrador Retriever,Apricot / Beige,https://dl5zpyw5k3jeb.cloudfront.net/photos/pets/49425404/1/?bust=1602462824&width=450,,,,,birdstrumpet Shelter Profile,,
,53,Adult,Female,Rosie,Labrador Retriever,Golden,https://dl5zpyw5k3jeb.cloudfront.net/photos/pets/49424878/5/?bust=1602721350&width=450,,,,,birdstrumpet Shelter Profile,,
,53,Young,Male,Goliath,Pit Bull Terrier,White / Cream,https://dl5zpyw5k3jeb.cloudfront.net/photos/pets/48969217/5/?bust=1599661820&width=450,,,,,birdstrumpet Shelter Profile,,
,53,Adult,Female,Hazel,Mixed Breed,Brown / Chocolate,https://dl5zpyw5k3jeb.cloudfront.net/photos/pets/48657807/4/?bust=1596281280&width=450,,,,,birdstrumpet Shelter Profile,,
,53,Young,Female,Lindy,Terrier,Red / Chestnut / Orange,https://dl5zpyw5k3jeb.cloudfront.net/photos/pets/49543867/1/crop/?bust=1603291586&width=450,,,,,birdstrumpet Shelter Profile,,
,53,Senior,Male,Mac- Adoption Fee $100,Poodle,Black,https://dl5zpyw5k3jeb.cloudfront.net/photos/pets/49207139/2/crop/?bust=1600971921&width=450,,,,,birdstrumpet Shelter Profile,,
,53,Young,Female,Jennie,Terrier,Black,https://dl5zpyw5k3jeb.cloudfront.net/photos/pets/49162775/1/crop/?bust=1600641251&width=450,,,,,birdstrumpet Shelter Profile,,
,53,Senior,Female,J maltese small,Maltese,White / Cream,https://dl5zpyw5k3jeb.cloudfront.net/photos/pets/48775322/1/?bust=1597631855&width=450,,,,,birdstrumpet Shelter Profile,,
,53,Senior,Female,J maltese big,Maltese,,https://dl5zpyw5k3jeb.cloudfront.net/photos/pets/48775317/3/?bust=1597628625&width=450,,,,,birdstrumpet Shelter Profile,,
,53,Senior,Male,Jikey,Yorkshire Terrier,Sable,https://dl5zpyw5k3jeb.cloudfront.net/photos/pets/48775314/1/?bust=1597630894&width=450,,,,,birdstrumpet Shelter Profile,,
,53,Adult,Female,Jandy,Yorkshire Terrier,Sable,https://dl5zpyw5k3jeb.cloudfront.net/photos/pets/48775303/5/?bust=1597632110&width=450,,,,,birdstrumpet Shelter Profile,,
,53,Adult,Male,J havanese,Havanese,White / Cream,https://dl5zpyw5k3jeb.cloudfront.net/photos/pets/48775295/3/?bust=1597633006&width=450,,,,,birdstrumpet Shelter Profile,,
,53,Young,Male,J rat terrier,Rat Terrier,"Tricolor (Brown, Black, & White)",https://dl5zpyw5k3jeb.cloudfront.net/photos/pets/48775281/2/?bust=1597674860&width=450,,,,,birdstrumpet Shelter Profile,,
,53,Young,Male,Jexster,Poodle,,https://dl5zpyw5k3jeb.cloudfront.net/photos/pets/48775271/1/?bust=1597675420&width=450,,,,,birdstrumpet Shelter Profile,,
,53,Adult,Female,J silver poodle,Poodle,Gray / Blue / Silver,https://dl5zpyw5k3jeb.cloudfront.net/photos/pets/48775256/1/?bust=1597674144&width=450,,,,,birdstrumpet Shelter Profile,,
,53,Adult,Female,J black poodle,Poodle,Black,https://dl5zpyw5k3jeb.cloudfront.net/photos/pets/48775241/3/?bust=1597675176&width=450,,,,,birdstrumpet Shelter Profile,,
,53,Adult,Female,BB,Chihuahua,Yellow / Tan / Blond / Fawn,https://dl5zpyw5k3jeb.cloudfront.net/photos/pets/49437415/1/?bust=1602549458&width=450,,,,,birdstrumpet Shelter Profile,,
,53,Young,Female,Jordan,Shepherd,Sable,https://dl5zpyw5k3jeb.cloudfront.net/photos/pets/49424743/1/?bust=1602457726&width=450,,,,,birdstrumpet Shelter Profile,,
,53,Young,Male,Bolt,Chihuahua,White / Cream,https://dl5zpyw5k3jeb.cloudfront.net/photos/pets/49314899/1/?bust=1601675222&width=450,,,,,birdstrumpet Shelter Profile,,
,53,Adult,Female,Tart,Chihuahua,Yellow / Tan / Blond / Fawn,https://dl5zpyw5k3jeb.cloudfront.net/photos/pets/48749394/3/?bust=1603379715&width=450,,,,,birdstrumpet Shelter Profile,,
,53,Senior,Male,Hosea,Mixed Breed,Yellow / Tan / Blond / Fawn,https://dl5zpyw5k3jeb.cloudfront.net/photos/pets/49613947/1/?bust=1603824490&width=450,,,,,birdstrumpet Shelter Profile,,
,53,Adult,Male,Lucas,Rottweiler,Black,https://dl5zpyw5k3jeb.cloudfront.net/photos/pets/49603902/1/?bust=1603730803&width=450,,,,,birdstrumpet Shelter Profile,,
,53,Baby,Male,Monty,Mixed Breed,Black,https://dl5zpyw5k3jeb.cloudfront.net/photos/pets/49603340/1/?bust=1603831517&width=450,,,,,birdstrumpet Shelter Profile,,
,53,Young,Male,Milo,Mixed Breed,Brown / Chocolate,https://dl5zpyw5k3jeb.cloudfront.net/photos/pets/49533938/1/?bust=1603723573&width=450,,,,,birdstrumpet Shelter Profile,,
,53,Adult,Male,Tony,Mixed Breed,Brindle,https://dl5zpyw5k3jeb.cloudfront.net/photos/pets/49497986/1/?bust=1603723514&width=450,,,,,birdstrumpet Shelter Profile,,
,53,Adult,Male,Serenity,Boxer,"Tricolor (Brown, Black, & White)",https://dl5zpyw5k3jeb.cloudfront.net/photos/pets/49620703/3/?bust=1603847439&width=450,,,,,birdstrumpet Shelter Profile,,
,53,Young,Male,Lenwich,Terrier,,https://dl5zpyw5k3jeb.cloudfront.net/photos/pets/49569679/1/?bust=1603448479&width=450,,,,,birdstrumpet Shelter Profile,,
,53,Adult,Female,SKYE,Pit Bull Terrier,Bicolor,https://dl5zpyw5k3jeb.cloudfront.net/photos/pets/49332070/2/?bust=1601815136&width=450,,,,,birdstrumpet Shelter Profile,,
,53,Adult,Male,Koda,Mixed Breed,,https://dl5zpyw5k3jeb.cloudfront.net/photos/pets/49166669/2/crop/?bust=1601676908&width=450,,,,,birdstrumpet Shelter Profile,,
,53,Adult,Male,BRICK,Pit Bull Terrier,Bicolor,https://dl5zpyw5k3jeb.cloudfront.net/photos/pets/48735397/1/?bust=1597063082&width=450,,,,,birdstrumpet Shelter Profile,,
,53,Senior,Male,CASPER,Terrier,White / Cream,https://dl5zpyw5k3jeb.cloudfront.net/photos/pets/48606183/3/?bust=1595857229&width=450,,,,,birdstrumpet Shelter Profile,,
,53,Adult,Male,Fluffernutter,Shih Tzu,Black,https://dl5zpyw5k3jeb.cloudfront.net/photos/pets/49606035/1/?bust=1603740936&width=450,,,,,birdstrumpet Shelter Profile,,
,53,Adult,Female,Bala,Labrador Retriever,Apricot / Beige,https://dl5zpyw5k3jeb.cloudfront.net/photos/pets/49606034/1/?bust=1603830928&width=450,,,,,birdstrumpet Shelter Profile,,
,53,Young,Male,Noodles,Dachshund,Brown / Chocolate,https://dl5zpyw5k3jeb.cloudfront.net/photos/pets/49619432/1/?bust=1603839741&width=450,,,,,birdstrumpet Shelter Profile,,
,53,Adult,Female,Rainy,Dachshund,Gray / Blue / Silver,https://dl5zpyw5k3jeb.cloudfront.net/photos/pets/49574725/1/?bust=1603841726&width=450,,,,,birdstrumpet Shelter Profile,,
,53,Adult,Female,Princess,Saint Bernard,Brown / Chocolate,https://dl5zpyw5k3jeb.cloudfront.net/photos/pets/49550580/1/?bust=1603830928&width=450,,,,,birdstrumpet Shelter Profile,,
,53,Adult,Male,Victor,Black Labrador Retriever,Black,https://dl5zpyw5k3jeb.cloudfront.net/photos/pets/49519107/1/?bust=1603838154&width=450,,,,,birdstrumpet Shelter Profile,,
,53,Senior,Male,Gully,Boston Terrier,White / Cream,https://dl5zpyw5k3jeb.cloudfront.net/photos/pets/49485619/1/?bust=1603830992&width=450,,,,,birdstrumpet Shelter Profile,,
,53,Senior,Male,Reginald,Staffordshire Bull Terrier,Gray / Blue / Silver,https://dl5zpyw5k3jeb.cloudfront.net/photos/pets/49461464/1/?bust=1603830937&width=450,,,,,birdstrumpet Shelter Profile,,
,53,Senior,Female,Petunia - NYC,Mixed Breed,Black,https://dl5zpyw5k3jeb.cloudfront.net/photos/pets/49297428/1/?bust=1603898117&width=450,,,,,birdstrumpet Shelter Profile,,
,53,Senior,Female,Sandy - NYC,Chihuahua,Yellow / Tan / Blond / Fawn,https://dl5zpyw5k3jeb.cloudfront.net/photos/pets/49297439/1/?bust=1603898135&width=450,,,,,birdstrumpet Shelter Profile,,
,53,Adult,Female,Zoey - NYC,Mixed Breed,Brown / Chocolate,https://dl5zpyw5k3jeb.cloudfront.net/photos/pets/49297396/1/?bust=1603898134&width=450,,,,,birdstrumpet Shelter Profile,,
,53,Senior,Male,Rocky Earl - NYC,Terrier,Brindle,https://dl5zpyw5k3jeb.cloudfront.net/photos/pets/49297388/1/?bust=1603898121&width=450,,,,,avadashrawns Shelter Profile,,
,53,Adult,Male,Rakka,Corgi,Yellow / Tan / Blond / Fawn,https://dl5zpyw5k3jeb.cloudfront.net/photos/pets/49288359/1/?bust=1603841719&width=450,,,,,distributecheery Shelter Profile,,
,53,Senior,Female,Lorna,Rottweiler,Black,https://dl5zpyw5k3jeb.cloudfront.net/photos/pets/49270769/1/?bust=1603830930&width=450,,,,,cancelmeam Shelter Profile,,
,53,Senior,Male,Pez,Miniature Pinscher,Black,https://dl5zpyw5k3jeb.cloudfront.net/photos/pets/49209174/1/?bust=1603830992&width=450,,,,,raggedchird Shelter Profile,,
,53,Senior,Female,Phoebe,American Staffordshire Terrier,Black,https://dl5zpyw5k3jeb.cloudfront.net/photos/pets/49183069/1/?bust=1603841719&width=450,,,,,clownchuffer Shelter Profile,,
,53,Adult,Male,Trevor,American Staffordshire Terrier,Gray / Blue / Silver,https://dl5zpyw5k3jeb.cloudfront.net/photos/pets/49171692/1/?bust=1603841723&width=450,,,,,cearsgarland Shelter Profile,,
,53,Adult,Female,Lucky,Retriever,Brown / Chocolate,https://dl5zpyw5k3jeb.cloudfront.net/photos/pets/48716518/1/?bust=1603830928&width=450,,,,,intensitybored Shelter Profile,,
,53,Adult,Male,Enzo,American Bulldog,Brindle,https://dl5zpyw5k3jeb.cloudfront.net/photos/pets/48618543/1/?bust=1603830993&width=450,,,,,horsebalted Shelter Profile,,
,53,Adult,Male,Redeye,Mixed Breed,Red / Chestnut / Orange,https://dl5zpyw5k3jeb.cloudfront.net/photos/pets/48353448/1/?bust=1603830936&width=450,,,,,couchfuturistic Shelter Profile,,
,53,Adult,Male,Gnocchi,Terrier,Yellow / Tan / Blond / Fawn,https://dl5zpyw5k3jeb.cloudfront.net/photos/pets/48353450/1/?bust=1603841782&width=450,,,,,listderive Shelter Profile,,
,53,Senior,Male,Roscoe,Mastiff,Gray / Blue / Silver,https://dl5zpyw5k3jeb.cloudfront.net/photos/pets/48211608/1/?bust=1603841785&width=450,,,,,overflowridiculo Shelter Profileus,,
,53,Adult,Male,EJAY,Mixed Breed,,https://dl5zpyw5k3jeb.cloudfront.net/photos/pets/48584105/3/?bust=1595605706&width=450,,,,,grurpleethical Shelter Profile,,
,53,Adult,Male,Bow Wow,Chihuahua,"Tricolor (Brown, Black, & White)",https://dl5zpyw5k3jeb.cloudfront.net/photos/pets/49615807/1/?bust=1603824482&width=450,,,,,guavadiffidence Shelter Profile,,
,53,Adult,Female,PASTA,Labrador Retriever,,https://dl5zpyw5k3jeb.cloudfront.net/photos/pets/49609941/1/?bust=1603764705&width=450,,,,,cookingturnip Shelter Profile,,
,53,Adult,Female,NAOMI,Pit Bull Terrier,,https://dl5zpyw5k3jeb.cloudfront.net/photos/pets/49609857/1/?bust=1603820712&width=450,,,,,oldhannibal Shelter Profile,,
,53,Adult,Male,GEORGE,Pit Bull Terrier,,https://dl5zpyw5k3jeb.cloudfront.net/photos/pets/49609722/1/?bust=1603763055&width=450,,,,,damnedhexam Shelter Profile,,
,53,Young,Female,DIXIE,Boxer,,https://dl5zpyw5k3jeb.cloudfront.net/photos/pets/49609721/1/?bust=1603820713&width=450,,,,,blazepregnant Shelter Profile,,
,53,Adult,Female,PAULA,Weimaraner,,https://dl5zpyw5k3jeb.cloudfront.net/photos/pets/49609390/1/?bust=1603759371&width=450,,,,,materialghost Shelter Profile,,
,53,Adult,Female,ROWENA,Labrador Retriever,,https://dl5zpyw5k3jeb.cloudfront.net/photos/pets/49609300/1/?bust=1603758513&width=450,,,,,slightcharm Shelter Profile,,
,53,Adult,Male,JONNY,Labrador Retriever,,https://dl5zpyw5k3jeb.cloudfront.net/photos/pets/49575169/1/?bust=1603758499&width=450,,,,,slightcharm Shelter Profile,,
,53,Adult,Female,Sunshine,Chihuahua,"Tricolor (Brown, Black, & White)",https://dl5zpyw5k3jeb.cloudfront.net/photos/pets/49512670/1/?bust=1603824433&width=450,,,,,slightcharm Shelter Profile,,
,53,Senior,Male,Brownie - *SUPER URGT* NEEDS IMMED FOSTER HOME,Chihuahua,Sable,https://dl5zpyw5k3jeb.cloudfront.net/photos/pets/49446181/1/?bust=1602618086&width=450,,,,,slightcharm Shelter Profile,,
,53,Senior,Female,TAKI &amp; ZELDA,Husky,,https://dl5zpyw5k3jeb.cloudfront.net/photos/pets/49363112/1/?bust=1603758465&width=450,,,,,slightcharm Shelter Profile,,
,53,Senior,Male,SNAPPLE,Golden Retriever,,https://dl5zpyw5k3jeb.cloudfront.net/photos/pets/48871167/1/?bust=1603758452&width=450,,,,,slightcharm Shelter Profile,,
,53,Adult,Female,TALLIE,Pit Bull Terrier,,https://dl5zpyw5k3jeb.cloudfront.net/photos/pets/49575169/1/?bust=1603758499&width=450,,,,,slightcharm Shelter Profile,,
,53,Senior,Male,TYSON,Pit Bull Terrier,,https://dl5zpyw5k3jeb.cloudfront.net/photos/pets/48486772/1/?bust=1603758496&width=450,,,,,slightcharm Shelter Profile,,
,53,Senior,Female,LUNA,Bullmastiff,,https://dl5zpyw5k3jeb.cloudfront.net/photos/pets/47959092/1/?bust=1603758505&width=450,,,,,slightcharm Shelter Profile,,
,53,Baby,Female,TEMPLE,Beagle,Brown / Chocolate,https://dl5zpyw5k3jeb.cloudfront.net/photos/pets/49615881/1/?bust=1603824647&width=450,,,,,slightcharm Shelter Profile,,
,53,Baby,Female,TELL,Beagle,"Tricolor (Brown, Black, & White)",https://dl5zpyw5k3jeb.cloudfront.net/photos/pets/49615883/1/?bust=1603824692&width=450,,,,,slightcharm Shelter Profile,,
,53,Baby,Female,TRANQUIL,Beagle,Brown / Chocolate,https://dl5zpyw5k3jeb.cloudfront.net/photos/pets/49615882/1/?bust=1603824645&width=450,,,,,slightcharm Shelter Profile,,
,53,Baby,Female,TACKLE,Beagle,"Tricolor (Brown, Black, & White)",https://dl5zpyw5k3jeb.cloudfront.net/photos/pets/49615880/1/?bust=1603824659&width=450,,,,,slightcharm Shelter Profile,,
,53,Adult,Female,LILA,Treeing Walker Coonhound,"Tricolor (Brown, Black, & White)",https://dl5zpyw5k3jeb.cloudfront.net/photos/pets/49588591/1/?bust=1603757702&width=450,,,,,slightcharm Shelter Profile,,
,53,Adult,Female,NELLA,Chihuahua,Brown / Chocolate,https://dl5zpyw5k3jeb.cloudfront.net/photos/pets/49588591/1/?bust=1603757702&width=450,,,,,slightcharm Shelter Profile,,
,53,Adult,Female,MORSEL,Beagle,,https://dl5zpyw5k3jeb.cloudfront.net/photos/pets/49579780/1/?bust=1603757722&width=450,,,,,slightcharm Shelter Profile,,
,53,Young,Female,MARVEL,Border Collie,Brown / Chocolate,https://dl5zpyw5k3jeb.cloudfront.net/photos/pets/49551505/1/?bust=1603757730&width=450,,,,,slightcharm Shelter Profile,,
,53,Baby,Male,Clement,Australian Cattle Dog / Blue Heeler,"Tricolor (Brown, Black, & White)",https://dl5zpyw5k3jeb.cloudfront.net/photos/pets/49532940/1/?bust=1603757724&width=450,,,,,erklingbackstay Shelter Profile,,
,53,Baby,Male,CROSS,Australian Cattle Dog / Blue Heeler,"Tricolor (Brown, Black, & White)",https://dl5zpyw5k3jeb.cloudfront.net/photos/pets/49532941/1/?bust=1603757721&width=450,,,,,sufferview Shelter Profile,,
,53,Adult,Female,HOLLAND,Husky,Brown / Chocolate,https://dl5zpyw5k3jeb.cloudfront.net/photos/pets/49498884/1/?bust=1603757710&width=450,,,,,leviosagorbellie Shelter Profiled,,
,53,Young,Female,ZAZA,Whippet,,https://dl5zpyw5k3jeb.cloudfront.net/photos/pets/49429305/1/?bust=1603757727&width=450,,,,,remainknaped Shelter Profile,,
,53,Adult,Male,HOOK,Hound,Black,https://dl5zpyw5k3jeb.cloudfront.net/photos/pets/49429306/1/?bust=1603757761&width=450,,,,,methodicalhorses Shelter Profilehoes,,
,53,Baby,Male,Jethro,Hound,"Tricolor (Brown, Black, & White)",https://dl5zpyw5k3jeb.cloudfront.net/photos/pets/49386683/1/?bust=1603757713&width=450,,,,,flaplutting Shelter Profile,,
,53,Adult,Female,ENCHANT,Bluetick Coonhound,"Tricolor (Brown, Black, & White)",https://dl5zpyw5k3jeb.cloudfront.net/photos/pets/49373445/1/?bust=1603757712&width=450,,,,,saneaspiring Shelter Profile,,
,53,Baby,Female,GRETA,Coonhound,,https://dl5zpyw5k3jeb.cloudfront.net/photos/pets/49359421/1/?bust=1603757721&width=450,,,,,purringflee Shelter Profile,,
,53,Adult,Female,Bendi,Australian Cattle Dog / Blue Heeler,,https://dl5zpyw5k3jeb.cloudfront.net/photos/pets/49270116/1/?bust=1603757715&width=450,,,,,aeriebrown Shelter Profile,,
,53,Young,Female,Eclair,Newfoundland Dog,"Tricolor (Brown, Black, & White)",https://dl5zpyw5k3jeb.cloudfront.net/photos/pets/49270115/1/?bust=1603757715&width=450,,,,,mewsmenty Shelter Profile,,
,53,Senior,Female,Sasha,Shih Tzu,"Tricolor (Brown, Black, & White)",https://dl5zpyw5k3jeb.cloudfront.net/photos/pets/49122553/1/?bust=1603757731&width=450,,,,,tormentedslowly Shelter Profile,,
,53,Baby,Male,PATRICK,Shepherd,,https://dl5zpyw5k3jeb.cloudfront.net/photos/pets/48813058/1/?bust=1603757699&width=450,,,,,slovenlysperman Shelter Profile,,
,53,Adult,Female,MINNIE,Plott Hound,"Tricolor (Brown, Black, & White)",https://dl5zpyw5k3jeb.cloudfront.net/photos/pets/48691407/1/?bust=1603757725&width=450,,,,,spacecultural Shelter Profile,,
,53,Adult,Female,Zena,Pit Bull Terrier,,https://dl5zpyw5k3jeb.cloudfront.net/photos/pets/48553822/1/?bust=1603757704&width=450,,,,,flitwickglug Shelter Profile,,
,53,Baby,Male,Bongo,Australian Cattle Dog / Blue Heeler,,https://dl5zpyw5k3jeb.cloudfront.net/photos/pets/48229152/1/?bust=1603757708&width=450,,,,,stealdepth Shelter Profile,,
,53,Adult,Female,Violet,Labrador Retriever,"Tricolor (Brown, Black, & White)",https://dl5zpyw5k3jeb.cloudfront.net/photos/pets/48175586/1/?bust=1603757700&width=450,,,,,initiativewumbli Shelter Profileng,,
,53,Senior,Male,Fergus,Coonhound,,https://dl5zpyw5k3jeb.cloudfront.net/photos/pets/47886850/1/?bust=1603824661&width=450,,,,,banetedious Shelter Profile,,
,53,Adult,Female,Remy,Australian Kelpie,Brown / Chocolate,https://dl5zpyw5k3jeb.cloudfront.net/photos/pets/47876627/1/?bust=1603757723&width=450,,,,,fundingforest Shelter Profile,,
,53,Young,Male,Holland,Hound,,https://dl5zpyw5k3jeb.cloudfront.net/photos/pets/49607180/1/?bust=1603745312&width=450,,,,,fundingforest Shelter Profile,,
,181,Young,Male,Boggyman,Hound,,https://dl5zpyw5k3jeb.cloudfront.net/photos/pets/49607020/1/?bust=1603745014&width=450,,,,,fundingforest Shelter Profile,,
,181,Young,Female,Daisy,Shiba Inu,Bicolor,https://dl5zpyw5k3jeb.cloudfront.net/photos/pets/49603027/2/?bust=1603724148&width=450,,,,,fundingforest Shelter Profile,,
,181,Adult,Female,Hera,Shepherd,,https://dl5zpyw5k3jeb.cloudfront.net/photos/pets/49591389/4/?bust=1603673513&width=450,,,,,fundingforest Shelter Profile,,
,181,Young,Female,Pinky Indian Canaan,Pharaoh Hound,White / Cream,https://dl5zpyw5k3jeb.cloudfront.net/photos/pets/49528611/4/?bust=1603200905&width=450,,,,,fundingforest Shelter Profile,,
,181,Young,Female,Kookiekins Indian Salupet (Handicapped),Saluki,Brindle,https://dl5zpyw5k3jeb.cloudfront.net/photos/pets/49467424/5/?bust=1602766902&width=450,,,,,fundingforest Shelter Profile,,
,181,Adult,Male,Kane SI Super Bully,American Bully,White / Cream,https://dl5zpyw5k3jeb.cloudfront.net/photos/pets/49461424/1/?bust=1602714085&width=450,,,,,fundingforest Shelter Profile,,
,181,Baby,Female,Casha GA Staffie Puppy,American Staffordshire Terrier,White / Cream,https://dl5zpyw5k3jeb.cloudfront.net/photos/pets/48933747/2/?bust=1600674250&width=450,,,,,fundingforest Shelter Profile,,
,181,Adult,Male,Balto Russian Shepherd,Shepherd,White / Cream,https://dl5zpyw5k3jeb.cloudfront.net/photos/pets/48473446/5/?bust=1594622281&width=450,,,,,fundingforest Shelter Profile,,
,181,Adult,Female,Molly (SC),Labrador Retriever,,https://dl5zpyw5k3jeb.cloudfront.net/photos/pets/49609393/1/?bust=1603759431&width=450,,,,,fundingforest Shelter Profile,,
,181,Young,Male,Bernie (TX),Mixed Breed,,https://dl5zpyw5k3jeb.cloudfront.net/photos/pets/49609102/1/?bust=1603757662&width=450,,,,,fundingforest Shelter Profile,,
,181,Adult,Male,Oakley (TX),Shepherd,,https://dl5zpyw5k3jeb.cloudfront.net/photos/pets/49608996/1/?bust=1603756703&width=450,,,,,fundingforest Shelter Profile,,
,181,Adult,Male,Boomer (TX),Boston Terrier,,https://dl5zpyw5k3jeb.cloudfront.net/photos/pets/49591921/1/?bust=1603882942&width=450,,,,,fundingforest Shelter Profile,,
,181,Senior,Male,Bear (SC),Pomeranian,,https://dl5zpyw5k3jeb.cloudfront.net/photos/pets/49580925/1/?bust=1603759432&width=450,,,,,fundingforest Shelter Profile,,
,181,Adult,Female,Hazel (TX),Mixed Breed,,https://dl5zpyw5k3jeb.cloudfront.net/photos/pets/49579877/1/?bust=1603847552&width=450,,,,,fundingforest Shelter Profile,,
,181,Baby,Female,Ruby (TX),Mixed Breed,,https://dl5zpyw5k3jeb.cloudfront.net/photos/pets/49579648/1/?bust=1603844773&width=450,,,,,fundingforest Shelter Profile,,
,181,Baby,Female,Annie (TX),Mixed Breed,,https://dl5zpyw5k3jeb.cloudfront.net/photos/pets/49579647/1/?bust=1603844795&width=450,,,,,fundingforest Shelter Profile,,
,181,Baby,Female,Karla (TX),Australian Cattle Dog / Blue Heeler,,https://dl5zpyw5k3jeb.cloudfront.net/photos/pets/49566610/1/?bust=1603901131&width=450,,,,,fundingforest Shelter Profile,,
,181,Baby,Female,Delilah (TX),Mixed Breed,,https://dl5zpyw5k3jeb.cloudfront.net/photos/pets/49566544/1/?bust=1603771268&width=450,,,,,fundingforest Shelter Profile,,
,181,Baby,Female,Susie (TX),Labrador Retriever,,https://dl5zpyw5k3jeb.cloudfront.net/photos/pets/49552257/1/?bust=1603882944&width=450,,,,,fundingforest Shelter Profile,,
,181,Adult,Female,Mulan (TX),Mixed Breed,,https://dl5zpyw5k3jeb.cloudfront.net/photos/pets/49550748/1/?bust=1603843600&width=450,,,,,fundingforest Shelter Profile,,
,181,Senior,Female,Gigi (TX),English Bulldog,,https://dl5zpyw5k3jeb.cloudfront.net/photos/pets/49489871/1/?bust=1603883622&width=450,,,,,fundingforest Shelter Profile,,
,181,Young,Female,Calvin (SC),Boxer,,https://dl5zpyw5k3jeb.cloudfront.net/photos/pets/49620353/1/?bust=1603846237&width=450,,,,,fundingforest Shelter Profile,,
,181,Young,Female,Autumn (TX),Boxer,,https://dl5zpyw5k3jeb.cloudfront.net/photos/pets/49538942/1/?bust=1603771334&width=450,,,,,fundingforest Shelter Profile,,
,181,Adult,Female,Adaline (SC),Hound,,https://dl5zpyw5k3jeb.cloudfront.net/photos/pets/49537835/1/?bust=1603771270&width=450,,,,,fundingforest Shelter Profile,,
,181,Baby,Female,Sabrina (TX),Mixed Breed,,https://dl5zpyw5k3jeb.cloudfront.net/photos/pets/49523619/1/?bust=1603847569&width=450,,,,,fundingforest Shelter Profile,,
,181,Senior,Female,Faith (GA),Retriever,,https://dl5zpyw5k3jeb.cloudfront.net/photos/pets/49523034/1/?bust=1603843597&width=450,,,,,fundingforest Shelter Profile,,
,181,Adult,Male,Fernando (TX),Chihuahua,,https://dl5zpyw5k3jeb.cloudfront.net/photos/pets/49489969/1/?bust=1603843604&width=450,,,,,fundingforest Shelter Profile,,
,181,Senior,Female,Daisy (SC),Boston Terrier,,https://dl5zpyw5k3jeb.cloudfront.net/photos/pets/49620246/1/?bust=1603845386&width=450,,,,,fundingforest Shelter Profile,,
,181,Adult,Female,Sasha (GA),Hound,,https://dl5zpyw5k3jeb.cloudfront.net/photos/pets/49620125/1/?bust=1603844797&width=450,,,,,futtockunsteady Shelter Profile,,
,181,Adult,Female,Mercy (AL),Labrador Retriever,,https://dl5zpyw5k3jeb.cloudfront.net/photos/pets/49449184/1/?bust=1603771269&width=450,,,,,tundraillogical Shelter Profile,,
,181,Senior,Male,Phendy,Lhasa Apso,,https://dl5zpyw5k3jeb.cloudfront.net/photos/pets/49443515/1/?bust=1603843602&width=450,,,,,biathlonmarriage Shelter Profile,,
,181,Adult,Female,Leila,Pit Bull Terrier,,https://dl5zpyw5k3jeb.cloudfront.net/photos/pets/49431079/1/?bust=1603771262&width=450,,,,,eomerpup Shelter Profile,,
,181,Young,Female,Bonnie (TX),Labrador Retriever,,https://dl5zpyw5k3jeb.cloudfront.net/photos/pets/49404668/1/?bust=1603843606&width=450,,,,,foretellgroper Shelter Profile,,
,181,Adult,Male,Scooby (TX),Mixed Breed,,https://dl5zpyw5k3jeb.cloudfront.net/photos/pets/49404667/1/?bust=1603771279&width=450,,,,,smoyemigrate Shelter Profile,,
,181,Young,Male,Jasper (NC),Labrador Retriever,,https://dl5zpyw5k3jeb.cloudfront.net/photos/pets/49391238/1/?bust=1603771238&width=450,,,,,alveoliblird Shelter Profile,,
,181,Senior,Male,Bud (TX),Yorkshire Terrier,,https://dl5zpyw5k3jeb.cloudfront.net/photos/pets/49381869/1/?bust=1603843599&width=450,,,,,heallame Shelter Profile,,
,181,Senior,Male,Leo (NY),Chihuahua,,https://dl5zpyw5k3jeb.cloudfront.net/photos/pets/49350006/1/?bust=1603847676&width=450,,,,,toktaunt Shelter Profile,,
,181,Adult,Female,Leona (SC),Chihuahua,,https://dl5zpyw5k3jeb.cloudfront.net/photos/pets/49328791/1/?bust=1603771325&width=450,,,,,gieldskulk Shelter Profile,,
,181,Adult,Female,Athena (TX),Boxer,,https://dl5zpyw5k3jeb.cloudfront.net/photos/pets/49328506/1/?bust=1603843653&width=450,,,,,bustardloudwater Shelter Profile,,
,181,Young,Female,Tulip (TX),Pointer,,https://dl5zpyw5k3jeb.cloudfront.net/photos/pets/49316808/1/?bust=1603771284&width=450,,,,,sowsewood Shelter Profile,,
,181,Young,Female,Tallulah (TX),Labrador Retriever,,https://dl5zpyw5k3jeb.cloudfront.net/photos/pets/49274763/1/?bust=1603771327&width=450,,,,,mercifulscorch Shelter Profile,,
,181,Senior,Male,Buddy (TX),Mixed Breed,,https://dl5zpyw5k3jeb.cloudfront.net/photos/pets/49261818/1/?bust=1603882941&width=450,,,,,machinistlaborat Shelter Profileory,,
,181,Baby,Male,Kai (TX),Shepherd,,https://dl5zpyw5k3jeb.cloudfront.net/photos/pets/49261676/1/?bust=1603847595&width=450,,,,,harassprotest Shelter Profile,,
,181,Adult,Female,Martha (TX),Labrador Retriever,,https://dl5zpyw5k3jeb.cloudfront.net/photos/pets/49261674/1/?bust=1603771283&width=450,,,,,nersonits Shelter Profile,,
,181,Young,Male,Marshall (TX),Shepherd,,https://dl5zpyw5k3jeb.cloudfront.net/photos/pets/49248513/1/?bust=1603843600&width=450,,,,,woodcockmatter Shelter Profile,,
,181,Adult,Male,Pablo (TX),Shepherd,,https://dl5zpyw5k3jeb.cloudfront.net/photos/pets/49248456/1/?bust=1603771242&width=450,,,,,hobbitonapplaud Shelter Profile,,
,181,Adult,Male,Coco Ray (TX),Chihuahua,,https://dl5zpyw5k3jeb.cloudfront.net/photos/pets/49248137/1/?bust=1603847513&width=450,,,,,failpersonal Shelter Profile,,
,181,Adult,Female,Diva (GA),Labrador Retriever,,https://dl5zpyw5k3jeb.cloudfront.net/photos/pets/49202352/1/?bust=1603771319&width=450,,,,,adamantprior Shelter Profile,,
,181,Adult,Female,Maggie May (TX),Mixed Breed,,https://dl5zpyw5k3jeb.cloudfront.net/photos/pets/49202131/1/?bust=1603847611&width=450,,,,,ragefilledfurnun Shelter Profileculus,,
,181,Adult,Female,Jenna (AL),Border Collie,,https://dl5zpyw5k3jeb.cloudfront.net/photos/pets/49201632/1/?bust=1603846244&width=450,,,,,craventank Shelter Profile,,
,181,Young,Male,Rocky (TX),Pit Bull Terrier,,https://dl5zpyw5k3jeb.cloudfront.net/photos/pets/49188496/1/?bust=1603843598&width=450,,,,,paelladescribe Shelter Profile,,
,181,Young,Male,Farlo,Labrador Retriever,,https://dl5zpyw5k3jeb.cloudfront.net/photos/pets/49164660/1/?bust=1603771272&width=450,,,,,inventdisease Shelter Profile,,
,181,Young,Male,Bane (GA),Labrador Retriever,,https://dl5zpyw5k3jeb.cloudfront.net/photos/pets/49144306/1/?bust=1603771277&width=450,,,,,in_jail_out_soon Shelter Profile,,
,181,Baby,Female,Audrey (SC),Mastiff,,https://dl5zpyw5k3jeb.cloudfront.net/photos/pets/49132835/1/?bust=1603847495&width=450,,,,,desperate_enuf Shelter Profile,,
,181,Young,Female,Willow (GA),Labrador Retriever,,https://dl5zpyw5k3jeb.cloudfront.net/photos/pets/49096152/1/?bust=1603848263&width=450,,,,,herpes_free_sinc Shelter Profilee_03,,
,181,Adult,Female,Iris (SC),Vizsla,,https://dl5zpyw5k3jeb.cloudfront.net/photos/pets/49076060/1/?bust=1603847513&width=450,,,,,kiss-my-axe Shelter Profile,,
,181,Senior,Male,Kent (NY),Chihuahua,,https://dl5zpyw5k3jeb.cloudfront.net/photos/pets/49075846/1/?bust=1603843598&width=450,,,,,king_0f_dairy_qu Shelter Profileeen,,
,181,Young,Male,Phoenix (NC),Hound,,https://dl5zpyw5k3jeb.cloudfront.net/photos/pets/49075845/1/?bust=1603843723&width=450,,,,,dildo_swaggins Shelter Profile,,
,181,Adult,Female,Malia,Pointer,,https://dl5zpyw5k3jeb.cloudfront.net/photos/pets/49066595/1/?bust=1603847557&width=450,,,,,shaquille_oatmea Shelter Profilel,,
,181,Senior,Male,Shelby (SC),American Bulldog,,https://dl5zpyw5k3jeb.cloudfront.net/photos/pets/49053280/1/?bust=1603843606&width=450,,,,,ask_yo_girl_abou Shelter Profilet_me,,
,181,Adult,Female,Madonna (GA),Pit Bull Terrier,,https://dl5zpyw5k3jeb.cloudfront.net/photos/pets/49053175/1/?bust=1603901135&width=450,,,,,hanging_with_my_ Shelter Profilegnomies,,
,181,Adult,Male,Prince Adam (TX),Border Collie,,https://dl5zpyw5k3jeb.cloudfront.net/photos/pets/49022914/1/?bust=1603771321&width=450,,,,,big_mamas_house Shelter Profile,,
,181,Adult,Male,Max (TX),German Shepherd Dog,,https://dl5zpyw5k3jeb.cloudfront.net/photos/pets/49020725/1/?bust=1603771275&width=450,,,,,hugs_for_drugs Shelter Profile,,
,181,Adult,Male,Jack Frost,American Bulldog,,https://dl5zpyw5k3jeb.cloudfront.net/photos/pets/49018288/1/?bust=1603771255&width=450,,,,,bill_nye_the_rus Shelter Profilesian_spy,,
,181,Adult,Male,Boss,Shepherd,,https://dl5zpyw5k3jeb.cloudfront.net/photos/pets/48985282/1/?bust=1603847563&width=450,,,,,hoosier_daddy Shelter Profile,,
,181,Adult,Female,Pepper (TX),Mixed Breed,,https://dl5zpyw5k3jeb.cloudfront.net/photos/pets/48919485/1/?bust=1603847536&width=450,,,,,intelligent_zomb Shelter Profileie,,
,181,Senior,Male,Teddy Bear (SC),Alaskan Malamute,,https://dl5zpyw5k3jeb.cloudfront.net/photos/pets/48901752/1/?bust=1603846244&width=450,,,,,hugo_balls Shelter Profile,,
,181,Young,Female,Sassy (TX),Catahoula Leopard Dog,,https://dl5zpyw5k3jeb.cloudfront.net/photos/pets/48890616/1/?bust=1603771274&width=450,,,,,stinky_pinky Shelter Profile,,
,181,Young,Male,Cinnamon,Pointer,,https://dl5zpyw5k3jeb.cloudfront.net/photos/pets/48885138/1/?bust=1603771291&width=450,,,,,fast_and_the_cur Shelter Profileious,,
,181,Adult,Female,Naomi,Hound,,https://dl5zpyw5k3jeb.cloudfront.net/photos/pets/48812424/1/?bust=1603847604&width=450,,,,,bad_karma Shelter Profile,,
,181,Adult,Male,Thomas (SC),Shar-Pei,,https://dl5zpyw5k3jeb.cloudfront.net/photos/pets/48791090/1/?bust=1603847470&width=450,,,,,tea_baggins Shelter Profile,,
,181,Adult,Female,Hope (SC),Pit Bull Terrier,,https://dl5zpyw5k3jeb.cloudfront.net/photos/pets/48753242/1/?bust=1603847392&width=450,,,,,average_student Shelter Profile,,
,181,Adult,Female,Jesse (SC),Pit Bull Terrier,,https://dl5zpyw5k3jeb.cloudfront.net/photos/pets/48753152/1/?bust=1603771310&width=450,,,,,protect_ya_neck Shelter Profile,,
,181,Baby,Male,Noah,Cattle Dog,,https://dl5zpyw5k3jeb.cloudfront.net/photos/pets/48733148/1/?bust=1603771248&width=450,,,,,sloppy_wet Shelter Profile,,
,181,Adult,Female,Roo,Shepherd,,https://dl5zpyw5k3jeb.cloudfront.net/photos/pets/48726479/1/?bust=1603771276&width=450,,,,,matthew_high_dam Shelter Profileage,,
,181,Adult,Female,Sarah (GA),Pit Bull Terrier,,https://dl5zpyw5k3jeb.cloudfront.net/photos/pets/48719110/1/?bust=1603847491&width=450,,,,,imma_rage_quit Shelter Profile,,
,181,Adult,Female,Peanut,Pit Bull Terrier,,https://dl5zpyw5k3jeb.cloudfront.net/photos/pets/48682206/1/?bust=1603847426&width=450,,,,,xbox_sign_out Shelter Profile,,
,181,Adult,Male,Henry (TX),English Coonhound,,https://dl5zpyw5k3jeb.cloudfront.net/photos/pets/48678104/1/?bust=1603847409&width=450,,,,,magic_fetus Shelter Profile,,
,181,Adult,Male,Larry,Pit Bull Terrier,,https://dl5zpyw5k3jeb.cloudfront.net/photos/pets/48613028/1/?bust=1603848263&width=450,,,,,butt_smasher Shelter Profile,,
,181,Adult,Female,Lani,Schnauzer,,https://dl5zpyw5k3jeb.cloudfront.net/photos/pets/49619799/3/?bust=1603842790&width=450,,,,,mama_karma Shelter Profile,,
,181,Young,Male,Zach,Pug,,https://dl5zpyw5k3jeb.cloudfront.net/photos/pets/48557034/1/?bust=1603847499&width=450,,,,,google_was_my_id Shelter Profileea,,
,181,Adult,Female,Carly,Hound,,https://dl5zpyw5k3jeb.cloudfront.net/photos/pets/48554686/1/?bust=1603847448&width=450,,,,,i_was_a_mistake Shelter Profile,,
,181,Adult,Female,Yoshimi,Terrier,,https://dl5zpyw5k3jeb.cloudfront.net/photos/pets/48538225/1/?bust=1603847598&width=450,,,,,sold_mom_for_rp Shelter Profile,,
,181,Young,Male,Tokyo,Hound,,https://dl5zpyw5k3jeb.cloudfront.net/photos/pets/48438521/1/?bust=1603771316&width=450,,,,,dusty_bawls Shelter Profile,,
,181,Adult,Male,Gunner,Shepherd,,https://dl5zpyw5k3jeb.cloudfront.net/photos/pets/48413274/1/?bust=1603847426&width=450,,,,,zero_deaths Shelter Profile,,
,181,Baby,Male,Boomer G,Labrador Retriever,,https://dl5zpyw5k3jeb.cloudfront.net/photos/pets/48407541/1/?bust=1603901132&width=450,,,,,better_than_you Shelter Profile,,
,181,Young,Male,Tad,Labrador Retriever,,https://dl5zpyw5k3jeb.cloudfront.net/photos/pets/48303891/1/?bust=1603771286&width=450,,,,,do_not_leave_me Shelter Profile,,
,181,Adult,Female,Trout,Labrador Retriever,,https://dl5zpyw5k3jeb.cloudfront.net/photos/pets/48302692/1/?bust=1603847558&width=450,,,,,date_me Shelter Profile,,
,181,Adult,Female,Muffin,Black Mouth Cur,,https://dl5zpyw5k3jeb.cloudfront.net/photos/pets/48292843/1/?bust=1603771277&width=450,,,,,uncommon_name Shelter Profile,,
,181,Adult,Male,Chevy,American Bulldog,,https://dl5zpyw5k3jeb.cloudfront.net/photos/pets/48282296/1/?bust=1603847544&width=450,,,,,name_not_importa Shelter Profilent,,
,181,Adult,Female,Luna,Pit Bull Terrier,,https://dl5zpyw5k3jeb.cloudfront.net/photos/pets/48217287/1/?bust=1603847539&width=450,,,,,image_not_upload Shelter Profileed,,
,181,Senior,Male,Trooper,Labrador Retriever,,https://dl5zpyw5k3jeb.cloudfront.net/photos/pets/48178716/1/?bust=1603847582&width=450,,,,,i_boop_ur_nose Shelter Profile,,
,181,Adult,Female,Isabella,Pit Bull Terrier,,https://dl5zpyw5k3jeb.cloudfront.net/photos/pets/48149972/1/?bust=1603847587&width=450,,,,,Audacity Shelter Profile,,
,181,Adult,Male,Roger,Shepherd,,https://dl5zpyw5k3jeb.cloudfront.net/photos/pets/48065680/1/?bust=1603771302&width=450,,,,,JackSparrow Shelter Profile,,
,181,Adult,Female,Paloma,Boxer,,https://dl5zpyw5k3jeb.cloudfront.net/photos/pets/48048525/1/?bust=1603847437&width=450,,,,,RuthlessSlayer Shelter Profile,,
,181,Adult,Male,Dumpling,American Bulldog,,https://dl5zpyw5k3jeb.cloudfront.net/photos/pets/47970718/1/?bust=1603771265&width=450,,,,,InfernalHeir Shelter Profile,,
,181,Adult,Female,Thelma,Labrador Retriever,,https://dl5zpyw5k3jeb.cloudfront.net/photos/pets/47871295/1/?bust=1603847596&width=450,,,,,TheSilentBang Shelter Profile,,
,181,Adult,Female,Kiki,Staffordshire Bull Terrier,,https://dl5zpyw5k3jeb.cloudfront.net/photos/pets/47869021/1/?bust=1603847392&width=450,,,,,DarkLord Shelter Profile,,
,181,Young,Male,Bailey and Lucy (TX),Australian Cattle Dog / Blue Heeler,,https://dl5zpyw5k3jeb.cloudfront.net/photos/pets/47795585/1/?bust=1603847591&width=450,,,,,NoTolerance Shelter Profile,,
,181,Senior,Male,Ray,Pit Bull Terrier,,https://dl5zpyw5k3jeb.cloudfront.net/photos/pets/47786722/1/?bust=1603847474&width=450,,,,,unfriend_now Shelter Profile,,
,181,Adult,Female,Layla Ali,American Bulldog,,https://dl5zpyw5k3jeb.cloudfront.net/photos/pets/47779695/1/?bust=1603847587&width=450,,,,,im_watching_you Shelter Profile,,
,181,Senior,Male,Lily and Thomas,Mixed Breed,,https://dl5zpyw5k3jeb.cloudfront.net/photos/pets/47706330/1/?bust=1603847486&width=450,,,,,whos_ur_buddha Shelter Profile,,
,181,Senior,Female,Tilly,American Bulldog,,https://dl5zpyw5k3jeb.cloudfront.net/photos/pets/47684237/1/?bust=1603847427&width=450,,,,,cute_as_ducks Shelter Profile,,
,181,Senior,Male,Sally,Blue Lacy,Gray / Blue / Silver,https://dl5zpyw5k3jeb.cloudfront.net/photos/pets/49620667/1/?bust=1603847195&width=450,,,,,prince_charming Shelter Profile,,
,181,Young,Female,Sable,American Staffordshire Terrier,Bicolor,https://dl5zpyw5k3jeb.cloudfront.net/photos/pets/49344264/1/?bust=1601914858&width=450,,,,,godfather_part_4 Shelter Profile,,
,181,Young,Male,Brutus,Shepherd,,https://dl5zpyw5k3jeb.cloudfront.net/photos/pets/48434405/1/?bust=1594245441&width=450,,,,,oprah_wind_fury Shelter Profile,,
,181,Senior,Male,Leroy,Shar-Pei,,https://dl5zpyw5k3jeb.cloudfront.net/photos/pets/48797437/1/?bust=1601251162&width=450,,,,,google_me_now Shelter Profile,,
,181,Adult,Female,Leila,American Staffordshire Terrier,Apricot / Beige,https://dl5zpyw5k3jeb.cloudfront.net/photos/pets/49604491/1/?bust=1603733916&width=450,,,,,thot_patrol Shelter Profile,,
,181,Young,Female,Dixie,Mixed Breed,,https://dl5zpyw5k3jeb.cloudfront.net/photos/pets/49604474/1/?bust=1603733757&width=450,,,,,suck_my_popsicle Shelter Profile,,
,181,Baby,Female,Baby Girl,Mixed Breed,Apricot / Beige,https://dl5zpyw5k3jeb.cloudfront.net/photos/pets/49566739/1/?bust=1603416226&width=450,,,,,how_you_doing Shelter Profile,,
,181,Adult,Female,Mama,Mixed Breed,Black,https://dl5zpyw5k3jeb.cloudfront.net/photos/pets/49540708/2/?bust=1603257029&width=450,,,,,mother_of_dragon Shelter Profiles,,
,181,Adult,Male,Hank,Mixed Breed,Merle (Blue),https://dl5zpyw5k3jeb.cloudfront.net/photos/pets/49540707/1/?bust=1603256799&width=450,,,,,epic_fail Shelter Profile,,
,181,Adult,Male,Carlos,American Bulldog,Apricot / Beige,https://dl5zpyw5k3jeb.cloudfront.net/photos/pets/49503372/1/?bust=1602987430&width=450,,,,,tin_foil_hat Shelter Profile,,
,181,Adult,Female,Remi,American Staffordshire Terrier,Yellow / Tan / Blond / Fawn,https://dl5zpyw5k3jeb.cloudfront.net/photos/pets/49411746/1/?bust=1602354084&width=450,,,,,yes_u_suck Shelter Profile,,
,181,Young,Female,Khanya,Mixed Breed,Brindle,https://dl5zpyw5k3jeb.cloudfront.net/photos/pets/48911340/1/?bust=1598666993&width=450,,,,,casanova Shelter Profile,,
,181,Adult,Female,Tigger,American Staffordshire Terrier,,https://dl5zpyw5k3jeb.cloudfront.net/photos/pets/49601113/1/?bust=1603876093&width=450,,,,,say_my_name Shelter Profile,,
,181,Adult,Female,Janie,American Staffordshire Terrier,,https://dl5zpyw5k3jeb.cloudfront.net/photos/pets/49599463/1/?bust=1603876095&width=450,,,,,sinking_swimmer Shelter Profile,,
,181,Adult,Male,Mister,Boxer,,https://dl5zpyw5k3jeb.cloudfront.net/photos/pets/49593365/1/?bust=1603824571&width=450,,,,,banana_hammock Shelter Profile,,
,181,Adult,Female,Roxanne,Rottweiler,,https://dl5zpyw5k3jeb.cloudfront.net/photos/pets/49579772/1/?bust=1603876158&width=450,,,,,crazy_cat_lady Shelter Profile,,
,181,Senior,Female,Mocha,American Staffordshire Terrier,,https://dl5zpyw5k3jeb.cloudfront.net/photos/pets/49575002/1/?bust=1603844089&width=450,,,,,me_for_president Shelter Profile,,
,181,Adult,Male,Rusty,American Staffordshire Terrier,,https://dl5zpyw5k3jeb.cloudfront.net/photos/pets/49569220/1/?bust=1603844088&width=450,,,,,cowgirl_up Shelter Profile,,
,181,Adult,Female,Buttercup,American Bulldog,Gray / Blue / Silver,https://dl5zpyw5k3jeb.cloudfront.net/photos/pets/49569219/1/?bust=1603876096&width=450,,,,,real_name_hidden Shelter Profile,,
,181,Adult,Female,Savanna,American Staffordshire Terrier,Gray / Blue / Silver,https://dl5zpyw5k3jeb.cloudfront.net/photos/pets/49569217/1/?bust=1603824588&width=450,,,,,anonymouse Shelter Profile,,
,181,Senior,Male,Thurston,American Staffordshire Terrier,"Tricolor (Brown, Black, & White)",https://dl5zpyw5k3jeb.cloudfront.net/photos/pets/49569218/1/?bust=1603824635&width=450,,,,,12Nuns Shelter Profile,,
,181,Adult,Female,Brittany,Brittany Spaniel,,https://dl5zpyw5k3jeb.cloudfront.net/photos/pets/49566775/1/?bust=1603417183&width=450,,,,,AHungryPolarBear Shelter Profile,,
,181,Adult,Male,Mizu,American Staffordshire Terrier,,https://dl5zpyw5k3jeb.cloudfront.net/photos/pets/49566101/1/?bust=1603824610&width=450,,,,,aDistraction Shelter Profile,,
,181,Adult,Female,Mucky,American Staffordshire Terrier,"Tricolor (Brown, Black, & White)",https://dl5zpyw5k3jeb.cloudfront.net/photos/pets/49566100/1/?bust=1603824637&width=450,,,,,XBoxShutDown Shelter Profile,,
,181,Adult,Female,Sugar,American Staffordshire Terrier,,https://dl5zpyw5k3jeb.cloudfront.net/photos/pets/49566099/1/?bust=1603892922&width=450,,,,,RollingBarrelz Shelter Profile,,
,181,Adult,Female,Slurpee,Chihuahua,Black,https://dl5zpyw5k3jeb.cloudfront.net/photos/pets/49551466/1/?bust=1603876096&width=450,,,,,Something Shelter Profile,,
,181,Senior,Male,Shotty,American Staffordshire Terrier,,https://dl5zpyw5k3jeb.cloudfront.net/photos/pets/49532923/1/?bust=1603824583&width=450,,,,,AllGoodNamesRGon Shelter Profilee,,
,181,Adult,Male,Magic,American Staffordshire Terrier,"Tricolor (Brown, Black, & White)",https://dl5zpyw5k3jeb.cloudfront.net/photos/pets/49490130/1/?bust=1603844081&width=450,,,,,not_james_bond Shelter Profile,,
,181,Baby,Female,Piper (p),American Staffordshire Terrier,,https://dl5zpyw5k3jeb.cloudfront.net/photos/pets/49452934/1/?bust=1603824567&width=450,,,,,itchy_and_scratc Shelter Profilehy,,
,181,Adult,Male,Rebel,German Shepherd Dog,,https://dl5zpyw5k3jeb.cloudfront.net/photos/pets/49432680/1/?bust=1603876097&width=450,,,,,dumbest_man_aliv Shelter Profilee,,
,181,Senior,Male,Buster,American Staffordshire Terrier,"Tricolor (Brown, Black, & White)",https://dl5zpyw5k3jeb.cloudfront.net/photos/pets/49429296/1/?bust=1603876092&width=450,,,,,bros_before_hoes Shelter Profile,,
,181,Adult,Female,Minnie,Hound,,https://dl5zpyw5k3jeb.cloudfront.net/photos/pets/49425181/1/?bust=1603844074&width=450,,,,,laugh_till_u_pee Shelter Profile,,
,181,Adult,Male,River,Hound,,https://dl5zpyw5k3jeb.cloudfront.net/photos/pets/49425183/1/?bust=1603876093&width=450,,,,,hairy_poppins Shelter Profile,,
,181,Adult,Female,Emerson,Shepherd,,https://dl5zpyw5k3jeb.cloudfront.net/photos/pets/49425184/1/?bust=1603824651&width=450,,,,,rambo_was_real Shelter Profile,,
,181,Adult,Male,Billy,American Staffordshire Terrier,,https://dl5zpyw5k3jeb.cloudfront.net/photos/pets/49425179/1/?bust=1603824712&width=450,,,,,regina_phalange Shelter Profile,,
,181,Adult,Female,Sarah,Pointer,"Tricolor (Brown, Black, & White)",https://dl5zpyw5k3jeb.cloudfront.net/photos/pets/49425182/1/?bust=1603824640&width=450,,,,,fedora_the_explo Shelter Profilerer,,
,469,Adult,Female,Julie,Cattle Dog,Brindle,https://dl5zpyw5k3jeb.cloudfront.net/photos/pets/49425178/1/?bust=1603824542&width=450,,,,,Audre Shelter Profile,,
,469,Adult,Female,Diamond,Chihuahua,"Tricolor (Brown, Black, & White)",https://dl5zpyw5k3jeb.cloudfront.net/photos/pets/49425176/1/?bust=1603844069&width=450,,,,,Audre Shelter Profile,,
,469,Adult,Male,Jacob,Mastiff,,https://dl5zpyw5k3jeb.cloudfront.net/photos/pets/49425175/1/?bust=1603824670&width=450,,,,,Audre Shelter Profile,,
,469,Adult,Male,Indigo Blue,American Staffordshire Terrier,,https://dl5zpyw5k3jeb.cloudfront.net/photos/pets/49425172/1/?bust=1603824630&width=450,,,,,Audre Shelter Profile,,
,469,Adult,Male,Jethro,Beagle,,https://dl5zpyw5k3jeb.cloudfront.net/photos/pets/49421885/1/?bust=1603738215&width=450,,,,,Audre Shelter Profile,,
,469,Adult,Male,Ernesto,American Staffordshire Terrier,"Tricolor (Brown, Black, & White)",https://dl5zpyw5k3jeb.cloudfront.net/photos/pets/49421884/1/?bust=1603824647&width=450,,,,,Audre Shelter Profile,,
,469,Adult,Female,Daisy Sue,Plott Hound,,https://dl5zpyw5k3jeb.cloudfront.net/photos/pets/49421883/1/?bust=1603824632&width=450,,,,,Audre Shelter Profile,,
,469,Baby,Male,Ragatan,Belgian Shepherd / Malinois,,https://dl5zpyw5k3jeb.cloudfront.net/photos/pets/49622089/1/?bust=1603876094&width=450,,,,,Audre Shelter Profile,,
,469,Baby,Female,Sarah Lee,Labrador Retriever,,https://dl5zpyw5k3jeb.cloudfront.net/photos/pets/49407283/1/?bust=1603844062&width=450,,,,,Audre Shelter Profile,,
,469,Adult,Female,Terrell,Labrador Retriever,,https://dl5zpyw5k3jeb.cloudfront.net/photos/pets/49407284/1/?bust=1603824657&width=450,,,,,Audre Shelter Profile,,
,469,Baby,Male,Henry (p),Labrador Retriever,"Tricolor (Brown, Black, & White)",https://dl5zpyw5k3jeb.cloudfront.net/photos/pets/49407282/1/?bust=1603844097&width=450,,,,,Audre Shelter Profile,,
,469,Adult,Male,Stanley,Basset Hound,"Tricolor (Brown, Black, & White)",https://dl5zpyw5k3jeb.cloudfront.net/photos/pets/49407281/1/?bust=1603844073&width=450,,,,,Audre Shelter Profile,,
,469,Adult,Male,Bonbons,Chihuahua,Black,https://dl5zpyw5k3jeb.cloudfront.net/photos/pets/49396038/1/?bust=1603824651&width=450,,,,,Audre Shelter Profile,,
,469,Senior,Female,Caboose,Beagle,,https://dl5zpyw5k3jeb.cloudfront.net/photos/pets/49386659/1/?bust=1603844089&width=450,,,,,Audre Shelter Profile,,
,469,Baby,Female,Monica (p),Labrador Retriever,Black,https://dl5zpyw5k3jeb.cloudfront.net/photos/pets/49373420/1/?bust=1603844082&width=450,,,,,Audre Shelter Profile,,
,469,Baby,Male,Ross (p),Labrador Retriever,Black,https://dl5zpyw5k3jeb.cloudfront.net/photos/pets/49373421/1/?bust=1603844110&width=450,,,,,Audre Shelter Profile,,
,469,Baby,Male,Brandon (p),Labrador Retriever,,https://dl5zpyw5k3jeb.cloudfront.net/photos/pets/49367039/1/?bust=1603824618&width=450,,,,,Audre Shelter Profile,,
,469,Baby,Male,shadey,Boxer,"Tricolor (Brown, Black, & White)",https://dl5zpyw5k3jeb.cloudfront.net/photos/pets/49341044/1/?bust=1603824606&width=450,,,,,Audre Shelter Profile,,
,469,Adult,Female,Bordeaux,Plott Hound,Black,https://dl5zpyw5k3jeb.cloudfront.net/photos/pets/49337919/1/?bust=1603757617&width=450,,,,,Audre Shelter Profile,,
,469,Adult,Female,Beignet,Labrador Retriever,"Tricolor (Brown, Black, & White)",https://dl5zpyw5k3jeb.cloudfront.net/photos/pets/49306739/1/?bust=1603824637&width=450,,,,,Audre Shelter Profile,,
,469,Adult,Male,Plato,Plott Hound,Brindle,https://dl5zpyw5k3jeb.cloudfront.net/photos/pets/49264096/1/?bust=1603824580&width=450,,,,,Audre Shelter Profile,,
,469,Baby,Male,Dante (p),Labrador Retriever,,https://dl5zpyw5k3jeb.cloudfront.net/photos/pets/49264098/1/?bust=1603824635&width=450,,,,,Audre Shelter Profile,,
,469,Baby,Male,Jesus (p),American Bulldog,White / Cream,https://dl5zpyw5k3jeb.cloudfront.net/photos/pets/49264097/1/?bust=1603824617&width=450,,,,,Audre Shelter Profile,,
,469,Adult,Male,Blue,American Staffordshire Terrier,,https://dl5zpyw5k3jeb.cloudfront.net/photos/pets/49245632/1/?bust=1603824620&width=450,,,,,Audre Shelter Profile,,
,469,Adult,Male,Chance,American Staffordshire Terrier,,https://dl5zpyw5k3jeb.cloudfront.net/photos/pets/49231664/1/?bust=1603824611&width=450,,,,,Audre Shelter Profile,,
,469,Adult,Male,Jackson,American Staffordshire Terrier,,https://dl5zpyw5k3jeb.cloudfront.net/photos/pets/49209499/1/?bust=1603824662&width=450,,,,,Audre Shelter Profile,,
,469,Baby,Female,Hippie (p),American Staffordshire Terrier,Gray / Blue / Silver,https://dl5zpyw5k3jeb.cloudfront.net/photos/pets/49170835/1/?bust=1603844063&width=450,,,,,Audre Shelter Profile,,
,469,Adult,Male,Mr.Boo,American Staffordshire Terrier,Gray / Blue / Silver,https://dl5zpyw5k3jeb.cloudfront.net/photos/pets/49146704/1/?bust=1603824662&width=450,,,,,Audre Shelter Profile,,
,469,Adult,Female,Griselda,American Staffordshire Terrier,,https://dl5zpyw5k3jeb.cloudfront.net/photos/pets/49127910/1/?bust=1603824618&width=450,,,,,Audre Shelter Profile,,
,469,Adult,Male,Bully,American Staffordshire Terrier,,https://dl5zpyw5k3jeb.cloudfront.net/photos/pets/49098281/1/?bust=1603738238&width=450,,,,,Audre Shelter Profile,,
,469,Adult,Female,Taffy,Labrador Retriever,Black,https://dl5zpyw5k3jeb.cloudfront.net/photos/pets/49095784/1/?bust=1603824605&width=450,,,,,Audre Shelter Profile,,
,469,Adult,Male,Frankie,Shepherd,,https://dl5zpyw5k3jeb.cloudfront.net/photos/pets/49047731/1/?bust=1603844134&width=450,,,,,Audre Shelter Profile,,
,469,Baby,Female,Shaman (p),Hound,"Tricolor (Brown, Black, & White)",https://dl5zpyw5k3jeb.cloudfront.net/photos/pets/48992238/1/?bust=1603738181&width=450,,,,,Audre Shelter Profile,,
,469,Adult,Male,Blueberry Pibs,American Staffordshire Terrier,,https://dl5zpyw5k3jeb.cloudfront.net/photos/pets/48975481/1/?bust=1603824633&width=450,,,,,Audre Shelter Profile,,
,469,Senior,Male,Mugsy,American Staffordshire Terrier,Gray / Blue / Silver,https://dl5zpyw5k3jeb.cloudfront.net/photos/pets/48972525/1/?bust=1603824677&width=450,,,,,Audre Shelter Profile,,
,469,Adult,Male,Ham,American Staffordshire Terrier,,https://dl5zpyw5k3jeb.cloudfront.net/photos/pets/48927668/1/?bust=1603824567&width=450,,,,,Audre Shelter Profile,,
,469,Adult,Male,Hop,German Shepherd Dog,Black,https://dl5zpyw5k3jeb.cloudfront.net/photos/pets/48742319/1/?bust=1603844100&width=450,,,,,Audre Shelter Profile,,
,469,Adult,Female,Savannah,Anatolian Shepherd,,https://dl5zpyw5k3jeb.cloudfront.net/photos/pets/48694759/1/?bust=1603824634&width=450,,,,,Audre Shelter Profile,,
,469,Adult,Male,Kibbles,Terrier,,https://dl5zpyw5k3jeb.cloudfront.net/photos/pets/48660897/1/?bust=1603757621&width=450,,,,,Audre Shelter Profile,,
,469,Senior,Female,Missy,German Shepherd Dog,,https://dl5zpyw5k3jeb.cloudfront.net/photos/pets/48498779/1/?bust=1603824604&width=450,,,,,Audre Shelter Profile,,
,469,Adult,Female,Chicken Wing,Terrier,White / Cream,https://dl5zpyw5k3jeb.cloudfront.net/photos/pets/48294951/1/?bust=1603824614&width=450,,,,,Audre Shelter Profile,,
,469,Adult,Male,Jagger,American Staffordshire Terrier,,https://dl5zpyw5k3jeb.cloudfront.net/photos/pets/48139953/1/?bust=1603824645&width=450,,,,,Audre Shelter Profile,,
,469,Senior,Female,Lulu,Cocker Spaniel,,https://dl5zpyw5k3jeb.cloudfront.net/photos/pets/48122451/1/?bust=1603383211&width=450,,,,,Audre Shelter Profile,,
,469,Adult,Female,Butters,Boxer,,https://dl5zpyw5k3jeb.cloudfront.net/photos/pets/47982017/1/?bust=1603824620&width=450,,,,,Audre Shelter Profile,,
,469,Adult,Female,Calette,American Staffordshire Terrier,,https://dl5zpyw5k3jeb.cloudfront.net/photos/pets/47935679/1/?bust=1603824597&width=450,,,,,Audre Shelter Profile,,
,469,Adult,Male,Peanuts,Chihuahua,,https://dl5zpyw5k3jeb.cloudfront.net/photos/pets/49619909/1/?bust=1603844075&width=450,,,,,Audre Shelter Profile,,
,469,Adult,Male,Peter,American Bulldog,,https://dl5zpyw5k3jeb.cloudfront.net/photos/pets/49619911/1/?bust=1603844061&width=450,,,,,Audre Shelter Profile,,
,469,Young,Female,Rachel,Pit Bull Terrier,Black,https://dl5zpyw5k3jeb.cloudfront.net/photos/pets/49173275/6/?bust=1601912767&width=450,,,,,Audre Shelter Profile,,
,469,Young,Male,ACE,Pit Bull Terrier,Gray / Blue / Silver,https://dl5zpyw5k3jeb.cloudfront.net/photos/pets/47763091/5/?bust=1586454776&width=450,,,,,Audre Shelter Profile,,
,469,Adult,Male,Chico,Beagle,Brindle,https://dl5zpyw5k3jeb.cloudfront.net/photos/pets/48943548/1/?bust=1598995054&width=450,,,,,Audre Shelter Profile,,
,469,Young,Male,Louie David,Pit Bull Terrier,,,,,,,Audre Shelter Profile,,
,469,Adult,Male,Macho,Chihuahua,Apricot / Beige,https://dl5zpyw5k3jeb.cloudfront.net/photos/pets/48699506/6/?bust=1603393163&width=450,,,,,Audre Shelter Profile,,
,469,Adult,Male,Papa Elf,Pit Bull Terrier,Brown / Chocolate,https://dl5zpyw5k3jeb.cloudfront.net/photos/pets/47801003/2/?bust=1603399985&width=450,,,,,Audre Shelter Profile,,
,469,Adult,Male,Puffy,Poodle,White / Cream,https://dl5zpyw5k3jeb.cloudfront.net/photos/pets/49486815/1/?bust=1602877218&width=450,,,,,Audre Shelter Profile,,
,469,Young,Female,Bubbles,American Staffordshire Terrier,White / Cream,https://dl5zpyw5k3jeb.cloudfront.net/photos/pets/49485842/1/crop/?bust=1602873822&width=450,,,,,Audre Shelter Profile,,
,469,Senior,Female,Princess,American Staffordshire Terrier,Red / Chestnut / Orange,https://dl5zpyw5k3jeb.cloudfront.net/photos/pets/48832443/2/?bust=1597947163&width=450,,,,,Audre Shelter Profile,,
,469,Young,Female,Daisy,Pit Bull Terrier,Golden,https://dl5zpyw5k3jeb.cloudfront.net/photos/pets/47762376/1/?bust=1586443259&width=450,,,,,Audre Shelter Profile,,
,469,Baby,Female,Francine,Pit Bull Terrier,Black,https://dl5zpyw5k3jeb.cloudfront.net/photos/pets/49609512/1/?bust=1603760290&width=450,,,,,Audre Shelter Profile,,
,469,Baby,Male,Frank,Pit Bull Terrier,Gray / Blue / Silver,https://dl5zpyw5k3jeb.cloudfront.net/photos/pets/49609439/1/?bust=1603759497&width=450,,,,,Audre Shelter Profile,,
,469,Adult,Female,Isabelle,Basset Hound,Black,https://dl5zpyw5k3jeb.cloudfront.net/photos/pets/49553188/3/?bust=1603336025&width=450,,,,,Audre Shelter Profile,,
,469,Baby,Male,Paco,Feist,Brown / Chocolate,https://dl5zpyw5k3jeb.cloudfront.net/photos/pets/49553099/1/?bust=1603335829&width=450,,,,,Audre Shelter Profile,,
,469,Young,Female,Franny,Hound,Golden,https://dl5zpyw5k3jeb.cloudfront.net/photos/pets/49501609/3/?bust=1602974716&width=450,,,,,Audre Shelter Profile,,
,469,Baby,Female,Jersey,Hound,Brindle,https://dl5zpyw5k3jeb.cloudfront.net/photos/pets/49096352/4/?bust=1600819089&width=450,,,,,Audre Shelter Profile,,
,469,Adult,Male,Rio,Maltese,White / Cream,https://dl5zpyw5k3jeb.cloudfront.net/photos/pets/48837783/2/?bust=1597980375&width=450,,,,,Audre Shelter Profile,,
,469,Senior,Male,Vance,Chihuahua,Golden,https://dl5zpyw5k3jeb.cloudfront.net/photos/pets/48837776/2/?bust=1597980046&width=450,,,,,Audre Shelter Profile,,
,469,Young,Male,Tyrian,American Bulldog,White / Cream,https://dl5zpyw5k3jeb.cloudfront.net/photos/pets/48719073/1/?bust=1596847821&width=450,,,,,Audre Shelter Profile,,
,469,Senior,Male,Riley the Lab,Labrador Retriever,Black,https://dl5zpyw5k3jeb.cloudfront.net/photos/pets/48719049/3/?bust=1596847568&width=450,,,,,Audre Shelter Profile,,
,469,Senior,Female,Piggy,Pit Bull Terrier,Brown / Chocolate,https://dl5zpyw5k3jeb.cloudfront.net/photos/pets/48719043/1/?bust=1596847171&width=450,,,,,Audre Shelter Profile,,
,469,Adult,Female,Junior,Jack Russell Terrier,Bicolor,https://dl5zpyw5k3jeb.cloudfront.net/photos/pets/49623667/1/?bust=1603893945&width=450,,,,,Audre Shelter Profile,,
,469,Adult,Male,Wonton,Dachshund,Brown / Chocolate,https://dl5zpyw5k3jeb.cloudfront.net/photos/pets/49620610/4/crop/?bust=1603846894&width=450,,,,,Audre Shelter Profile,,
,469,Senior,Female,Chatty,Chihuahua,Brown / Chocolate,https://dl5zpyw5k3jeb.cloudfront.net/photos/pets/49619476/2/?bust=1603840060&width=450,,,,,Audre Shelter Profile,,
,469,Senior,Male,TEETER,Beagle,"Tricolor (Brown, Black, & White)",https://dl5zpyw5k3jeb.cloudfront.net/photos/pets/49619926/1/?bust=1603844175&width=450,,,,,Audre Shelter Profile,,
,469,Adult,Male,Rocky,Pit Bull Terrier,Gray / Blue / Silver,https://dl5zpyw5k3jeb.cloudfront.net/photos/pets/47726184/5/?bust=1597070682&width=450,,,,,Audre Shelter Profile,,
,469,Baby,Male,Jerome,Jack Russell Terrier,"Tricolor (Brown, Black, & White)",https://dl5zpyw5k3jeb.cloudfront.net/photos/pets/49613978/1/?bust=1603816750&width=450,,,,,Audre Shelter Profile,,
,469,Young,Male,Cambridge,Chihuahua,,https://dl5zpyw5k3jeb.cloudfront.net/photos/pets/49599784/2/?bust=1603674037&width=450,,,,,Audre Shelter Profile,,
,469,Adult,Female,Chamomile,Chihuahua,,https://dl5zpyw5k3jeb.cloudfront.net/photos/pets/49599779/4/?bust=1603673903&width=450,,,,,Audre Shelter Profile,,
,469,Young,Female,Midge,Poodle,,https://dl5zpyw5k3jeb.cloudfront.net/photos/pets/49591381/2/?bust=1603583094&width=450,,,,,Audre Shelter Profile,,
,469,Adult,Male,Domino,Pit Bull Terrier,Black,https://dl5zpyw5k3jeb.cloudfront.net/photos/pets/49577460/2/?bust=1603487610&width=450,,,,,Audre Shelter Profile,,
,469,Adult,Female,Momma,Labrador Retriever,,https://dl5zpyw5k3jeb.cloudfront.net/photos/pets/49546105/1/?bust=1603300341&width=450,,,,,Audre Shelter Profile,,
,469,Adult,Male,Butterscotch,Golden Retriever,,https://dl5zpyw5k3jeb.cloudfront.net/photos/pets/49546440/2/crop/?bust=1603386589&width=450,,,,,Audre Shelter Profile,,
,469,Baby,Female,Gucci,Pit Bull Terrier,,https://dl5zpyw5k3jeb.cloudfront.net/photos/pets/49545917/4/?bust=1603299800&width=450,,,,,Audre Shelter Profile,,
,469,Young,Male,Kimball,Husky,,https://dl5zpyw5k3jeb.cloudfront.net/photos/pets/49386398/2/?bust=1602183853&width=450,,,,,Audre Shelter Profile,,
,469,Adult,Female,Cara,Hound,Brown / Chocolate,https://dl5zpyw5k3jeb.cloudfront.net/photos/pets/49217742/1/?bust=1601569791&width=450,,,,,Audre Shelter Profile,,
,469,Adult,Female,Calypso,American Staffordshire Terrier,,https://dl5zpyw5k3jeb.cloudfront.net/photos/pets/49198369/1/crop/?bust=1601072516&width=450,,,,,Audre Shelter Profile,,
,469,Young,Female,Sunlight,Redbone Coonhound,Golden,https://dl5zpyw5k3jeb.cloudfront.net/photos/pets/49044135/5/?bust=1603130465&width=450,,,,,Audre Shelter Profile,,
,469,Adult,Female,Pinky,American Bulldog,White / Cream,https://dl5zpyw5k3jeb.cloudfront.net/photos/pets/48234885/1/?bust=1592308998&width=450,,,,,Audre Shelter Profile,,
,469,Young,Male,Bo & Ripley (BONDED PAIR),Miniature Pinscher,Black,https://dl5zpyw5k3jeb.cloudfront.net/photos/pets/47969114/1/?bust=1589231595&width=450,,,,,Audre Shelter Profile,,
,469,Senior,Female,SUNDAY,Poodle,White / Cream,https://dl5zpyw5k3jeb.cloudfront.net/photos/pets/49249044/6/?bust=1601254836&width=450,,,,,Audre Shelter Profile,,
,469,Young,Female,TIFFANY,Bull Terrier,Bicolor,https://dl5zpyw5k3jeb.cloudfront.net/photos/pets/49076141/4/?bust=1599961220&width=450,,,,,Audre Shelter Profile,,
,469,Adult,Female,RAVEN,American Staffordshire Terrier,Bicolor,https://dl5zpyw5k3jeb.cloudfront.net/photos/pets/49076017/6/?bust=1602540804&width=450,,,,,Audre Shelter Profile,,
,469,Young,Male,ZEUS,Pit Bull Terrier,Harlequin,https://dl5zpyw5k3jeb.cloudfront.net/photos/pets/48798137/1/?bust=1597627971&width=450,,,,,Audre Shelter Profile,,
,469,Adult,Female,SHELLY,Mixed Breed,,https://dl5zpyw5k3jeb.cloudfront.net/photos/pets/48600285/4/?bust=1599002713&width=450,,,,,Audre Shelter Profile,,
,469,Adult,Male,Bebe,Chihuahua,Brindle,https://dl5zpyw5k3jeb.cloudfront.net/photos/pets/49590637/1/?bust=1603577400&width=450,,,,,Audre Shelter Profile,,
,469,Young,Female,"Muneca 45939 ""Courtesy Post""",Pit Bull Terrier,Black,https://dl5zpyw5k3jeb.cloudfront.net/photos/pets/48252175/1/?bust=1592440600&width=450,,,,,Audre Shelter Profile,,
,469,Adult,Female,"Mollie 45137 ""Courtesy Post""",Pit Bull Terrier,Brindle,https://dl5zpyw5k3jeb.cloudfront.net/photos/pets/48252074/1/?bust=1592440338&width=450,,,,,Audre Shelter Profile,,
,469,Adult,Female,"Cherokee 43944 ""Courtesy Post""",Pit Bull Terrier,Black,https://dl5zpyw5k3jeb.cloudfront.net/photos/pets/48252047/1/?bust=1592440059&width=450,,,,,Audre Shelter Profile,,
,472,Adult,Female,"ANNIE 42615 ""Courtesy Post""",Pit Bull Terrier,Brindle,https://dl5zpyw5k3jeb.cloudfront.net/photos/pets/48252015/1/?bust=1592439650&width=450,,,,,Audre Shelter Profile,,
,470,Adult,Female,"Nala 45460 ""Courtesy Post""",Pit Bull Terrier,Black,https://dl5zpyw5k3jeb.cloudfront.net/photos/pets/48251989/1/?bust=1592439319&width=450,,,,,Audrey Shelter Profile,,
,471,Adult,Male,"Champ 45310 ""Courtesy Post""",Pit Bull Terrier,Brindle,https://dl5zpyw5k3jeb.cloudfront.net/photos/pets/48251845/1/?bust=1592438989&width=450,,,,,Audrie Shelter Profile,,
,,,,,,,,,,,,Audry Shelter Profile,,